Last name,First name,Email,State,Birthdate,Dependent of,HR Admin
Wachowski,Jenkins,jenkins.wachowski5428@aol.com,CT,11/11/1974,,x
Uvula,Plato,plato.uvula9417@compuserve.net,NY,02/17/1984,,x
Schtuppering,Leonard,leonard.schtuppering1050@hotmail.com,NY,05/13/1967,,x
Mueller,Xerxes,xerxes.mueller9574@aol.com,NY,10/17/1966,Leonard Schtuppering,
Xylowitz,Bob,bob.xylowitz3794@hotmail.com,AK,10/22/1979,,x
Xylowitz,Nellie,nellie.xylowitz3129@compuserve.net,AK,08/15/1961,Bob Xylowitz,
Lysenko,Uruguay,uruguay.lysenko7010@compuserve.net,WA,11/04/1980,,x
Uvula,Evander,evander.uvula3420@hotmail.com,NY,10/09/1964,,
Oppenheimer,Gilbert,gilbert.oppenheimer662@aol.com,NY,10/09/1989,,
Atkins,Leonard,leonard.atkins2347@aol.com,CT,12/09/1991,,
Kittering,Queenie,queenie.kittering3161@aol.com,WA,08/06/1962,,
Vluffernutter,Uruguay,uruguay.vluffernutter6579@aol.com,CT,09/10/1967,,
Uvula,Evander,evander.uvula9970@compuserve.net,NJ,06/23/1987,,
Atkins,Vova,vova.atkins2367@hotmail.com,NJ,04/16/1985,Evander Uvula,
Yoo,Alice,alice.yoo1187@hotmail.com,NY,08/26/1975,,
Evans,Wolfgang,wolfgang.evans8317@hotmail.com,CA,10/14/1976,,
Uvula,Horace,horace.uvula9422@compuserve.net,VA,12/14/1975,,
Jenkins,Maurice,maurice.jenkins2403@compuserve.net,OK,11/10/1966,,
Ivanisevic,Alice,alice.ivanisevic946@hotmail.com,WA,03/12/1985,,
Jenkins,Alice,alice.jenkins1393@compuserve.net,NY,12/26/1955,,
Yoo,Alice,alice.yoo9896@aol.com,IL,07/16/1983,,
Vluffernutter,Vova,vova.vluffernutter2245@hotmail.com,NY,07/08/1957,,
Rosencrantz,Zanzibar,zanzibar.rosencrantz9152@compuserve.net,AK,08/12/1981,,
Mueller,Nellie,nellie.mueller7570@aol.com,CA,10/26/1968,,
Codd,Dirk,dirk.codd4396@aol.com,NY,08/10/1987,,
Djokovic,Klamut,klamut.djokovic6318@aol.com,NY,09/08/1958,,
Zaatar,Smitty,smitty.zaatar6689@compuserve.net,NY,06/07/2012,Klamut Djokovic,
Evans,Leonard,leonard.evans3784@compuserve.net,NY,02/09/1986,,
Rosencrantz,Dirk,dirk.rosencrantz3996@compuserve.net,NY,12/31/1983,,
Neuberg,Nellie,nellie.neuberg7616@hotmail.com,WA,10/28/1955,,
Hibbert,Xerxes,xerxes.hibbert3464@aol.com,WA,05/02/2006,Nellie Neuberg,
Vluffernutter,Fred,fred.vluffernutter7813@aol.com,CA,05/18/1967,,
Talts,Tessa,tessa.talts1025@compuserve.net,NY,06/08/1962,,
Questlove,Plato,plato.questlove4102@hotmail.com,CT,12/25/1984,,
Lysenko,Dirk,dirk.lysenko4626@aol.com,NY,10/08/1989,,
Codd,Alice,alice.codd4001@aol.com,CA,08/28/1958,,
Greenblatt,Fred,fred.greenblatt3365@hotmail.com,WA,07/28/1992,,
Wachowski,Queenie,queenie.wachowski3317@hotmail.com,WA,06/20/1967,,
Jenkins,Gilbert,gilbert.jenkins1605@hotmail.com,CT,11/27/1977,,
Greenblatt,Queenie,queenie.greenblatt9221@compuserve.net,VA,04/01/1976,,
Mueller,Ida,ida.mueller6458@aol.com,NY,08/23/1984,,
Kittering,Horace,horace.kittering695@compuserve.net,OK,07/11/1975,,
Ivanisevic,Uruguay,uruguay.ivanisevic3025@hotmail.com,OK,07/23/2003,Horace Kittering,
Schtuppering,Horace,horace.schtuppering8060@compuserve.net,CA,12/18/1984,,
Vluffernutter,Nellie,nellie.vluffernutter8906@hotmail.com,NY,06/08/1972,,
Uvula,Wolfgang,wolfgang.uvula6120@hotmail.com,IL,05/03/1964,,
Codd,Tessa,tessa.codd7262@aol.com,NY,09/09/1983,,
Wachowski,Queenie,queenie.wachowski5314@aol.com,NY,06/30/1991,,
Jenkins,Nellie,nellie.jenkins1893@hotmail.com,VA,12/14/1985,,
Talts,Gilbert,gilbert.talts5395@compuserve.net,NY,03/20/1957,,
Oppenheimer,Ida,ida.oppenheimer7421@hotmail.com,CA,05/20/1967,,
Wachowski,Smitty,smitty.wachowski4964@aol.com,VA,08/11/1992,,
Yoo,Yelena,yelena.yoo7051@aol.com,CT,06/16/1972,,
Wachowski,Nellie,nellie.wachowski4741@aol.com,NY,09/24/1983,,
Jenkins,Dirk,dirk.jenkins8814@compuserve.net,NY,12/26/1976,,
Xylowitz,Ophelia,ophelia.xylowitz1471@hotmail.com,NY,07/09/1980,Dirk Jenkins,
Xylowitz,Bob,bob.xylowitz747@compuserve.net,NY,09/13/1972,,
Rosencrantz,Leonard,leonard.rosencrantz1239@compuserve.net,NY,07/14/1983,,
Lysenko,Carol,carol.lysenko8502@hotmail.com,VA,05/11/1963,,
Rosencrantz,Jenkins,jenkins.rosencrantz8399@aol.com,VA,03/08/1976,,
Oppenheimer,Fred,fred.oppenheimer7116@compuserve.net,NY,12/27/1977,,
Mueller,Klamut,klamut.mueller6407@aol.com,CA,11/08/1970,,
Djokovic,Jenkins,jenkins.djokovic2192@compuserve.net,NY,07/29/1979,,
Vluffernutter,Carol,carol.vluffernutter9704@hotmail.com,NJ,01/30/1965,,
Talts,Jenkins,jenkins.talts1987@hotmail.com,VA,03/09/1990,,
Yoo,Leonard,leonard.yoo6196@hotmail.com,NY,05/19/1955,,
Evans,Wolfgang,wolfgang.evans8090@aol.com,NJ,01/08/1979,,
Atkins,Wolfgang,wolfgang.atkins4534@compuserve.net,CA,04/16/1986,,
Atkins,Vova,vova.atkins1869@aol.com,NY,12/30/1970,,
Blabbermutt,Ophelia,ophelia.blabbermutt827@aol.com,CA,10/20/1986,,
Talts,Uruguay,uruguay.talts1803@compuserve.net,CA,06/04/1970,,
Vluffernutter,Maurice,maurice.vluffernutter9709@compuserve.net,CA,04/21/1989,Uruguay Talts,
Codd,Maurice,maurice.codd8745@hotmail.com,NJ,05/22/1968,,
Zaatar,Ophelia,ophelia.zaatar3174@compuserve.net,NY,06/01/1976,,
Oppenheimer,Fred,fred.oppenheimer3814@hotmail.com,NY,03/29/1976,,
Atkins,Maurice,maurice.atkins1404@aol.com,NJ,12/05/1969,,
Platapus,Rascal,rascal.platapus4089@hotmail.com,VA,12/08/1965,,
Atkins,Alice,alice.atkins1904@compuserve.net,NY,09/13/1962,,
Questlove,Rascal,rascal.questlove9741@aol.com,CT,12/03/1975,,
Yoo,Leonard,leonard.yoo2599@compuserve.net,NY,05/24/1981,,
Platapus,Queenie,queenie.platapus2595@hotmail.com,NY,05/08/1973,,
Oppenheimer,Queenie,queenie.oppenheimer921@hotmail.com,IL,05/05/1977,,
Djokovic,Vova,vova.djokovic7368@aol.com,WA,09/30/1970,,
Lysenko,Klamut,klamut.lysenko3477@hotmail.com,NY,07/31/1964,,
Hibbert,Jenkins,jenkins.hibbert6359@compuserve.net,NY,10/31/2004,Klamut Lysenko,
Rosencrantz,Queenie,queenie.rosencrantz1786@hotmail.com,AK,04/06/1987,,
Hibbert,Evander,evander.hibbert1341@compuserve.net,NY,01/03/1987,,
Hibbert,Ida,ida.hibbert507@hotmail.com,NY,04/03/1977,Evander Hibbert,
Kittering,Rascal,rascal.kittering6523@hotmail.com,NY,11/14/1966,,
Kittering,Nellie,nellie.kittering6126@hotmail.com,NY,01/16/1998,Rascal Kittering,
Mueller,Rascal,rascal.mueller355@compuserve.net,NY,04/27/1959,,
Atkins,Plato,plato.atkins3059@hotmail.com,VA,12/09/1972,,
Vluffernutter,Klamut,klamut.vluffernutter6062@aol.com,NY,11/01/1954,,
Platapus,Klamut,klamut.platapus4501@hotmail.com,NY,01/28/1961,,
Mueller,Bob,bob.mueller9314@hotmail.com,NY,03/04/1978,,
Rosencrantz,Ida,ida.rosencrantz7492@hotmail.com,VA,07/08/1957,,
Blabbermutt,Plato,plato.blabbermutt6746@hotmail.com,NJ,03/04/1962,,
Jenkins,Bob,bob.jenkins2111@hotmail.com,NY,01/10/1963,,
Platapus,Evander,evander.platapus6877@hotmail.com,NY,06/08/1963,,
Questlove,Evander,evander.questlove5710@compuserve.net,NY,02/02/1954,Evander Platapus,
Evans,Dirk,dirk.evans3111@compuserve.net,CT,02/18/1993,,
Zaatar,Bob,bob.zaatar3882@aol.com,NY,06/24/1984,,
Djokovic,Yelena,yelena.djokovic190@aol.com,NY,12/22/1978,,
Djokovic,Dirk,dirk.djokovic3883@aol.com,NY,12/01/1956,,
Lysenko,Ophelia,ophelia.lysenko4680@compuserve.net,NY,05/15/1964,Dirk Djokovic,
Schtuppering,Tessa,tessa.schtuppering8211@compuserve.net,NJ,08/29/1988,,
Yoo,Jenkins,jenkins.yoo9464@compuserve.net,NY,04/07/1970,,
Questlove,Leonard,leonard.questlove1408@hotmail.com,NY,05/08/1978,,
Mueller,Ophelia,ophelia.mueller840@aol.com,CA,06/28/1964,,
Hibbert,Zanzibar,zanzibar.hibbert1692@aol.com,CT,04/13/1994,,
Platapus,Ida,ida.platapus1967@compuserve.net,NJ,09/12/1977,,
Uvula,Rascal,rascal.uvula6537@compuserve.net,NY,07/09/1967,,
Oppenheimer,Smitty,smitty.oppenheimer3194@hotmail.com,NY,06/28/1960,,
Platapus,Alice,alice.platapus6489@compuserve.net,NY,08/24/1974,Smitty Oppenheimer,
Oppenheimer,Rascal,rascal.oppenheimer737@aol.com,IL,03/13/1966,,
Ivanisevic,Dirk,dirk.ivanisevic8815@hotmail.com,NY,08/14/1959,,
Rosencrantz,Leonard,leonard.rosencrantz355@compuserve.net,WA,06/10/1961,,
Xylowitz,Yelena,yelena.xylowitz8485@aol.com,NY,03/30/1970,,
Xylowitz,Tessa,tessa.xylowitz8185@aol.com,NY,07/05/2000,Yelena Xylowitz,
Platapus,Queenie,queenie.platapus4787@aol.com,NY,03/06/1994,,
Atkins,Vova,vova.atkins5001@aol.com,NJ,11/02/1962,,
Atkins,Tessa,tessa.atkins8222@aol.com,NJ,07/30/2012,Vova Atkins,
Fish,Horace,horace.fish961@aol.com,NJ,01/24/1964,,
Codd,Fred,fred.codd4215@compuserve.net,VA,01/26/1985,,
Yoo,Maurice,maurice.yoo4837@aol.com,VA,11/13/1964,Fred Codd,
Lysenko,Ida,ida.lysenko2238@aol.com,CA,09/16/1972,,
Atkins,Wolfgang,wolfgang.atkins738@hotmail.com,CT,02/17/1989,,
Jenkins,Nellie,nellie.jenkins7138@hotmail.com,OK,07/19/1992,,
Ivanisevic,Carol,carol.ivanisevic544@aol.com,NY,05/20/1981,,
Hibbert,Carol,carol.hibbert2304@hotmail.com,CA,06/28/1971,,
Xylowitz,Plato,plato.xylowitz9828@compuserve.net,AK,02/04/1968,,
Evans,Smitty,smitty.evans2896@hotmail.com,CA,06/07/1962,,
Uvula,Tessa,tessa.uvula9539@hotmail.com,CA,01/27/1964,Smitty Evans,
Vluffernutter,Gilbert,gilbert.vluffernutter3726@compuserve.net,OK,08/07/1988,,
Schtuppering,Nellie,nellie.schtuppering8997@compuserve.net,CA,11/14/1993,,
Uvula,Carol,carol.uvula4371@aol.com,NY,02/11/1989,,
Rosencrantz,Smitty,smitty.rosencrantz5723@compuserve.net,WA,11/25/1993,,
Fish,Evander,evander.fish3174@compuserve.net,NY,02/09/1969,,
Oppenheimer,Carol,carol.oppenheimer615@compuserve.net,NY,05/02/1990,,
Vluffernutter,Gilbert,gilbert.vluffernutter8227@hotmail.com,NY,11/26/1959,,
Kittering,Uruguay,uruguay.kittering9087@compuserve.net,NY,01/12/1958,,
Jenkins,Bob,bob.jenkins6885@compuserve.net,CA,04/28/1963,,
Evans,Plato,plato.evans3152@compuserve.net,NY,09/08/1963,,
Schtuppering,Dirk,dirk.schtuppering9160@compuserve.net,CA,09/03/1973,,
Oppenheimer,Ida,ida.oppenheimer2530@compuserve.net,NY,02/10/1984,,
Vluffernutter,Ophelia,ophelia.vluffernutter8923@hotmail.com,NY,05/13/1972,,
Rosencrantz,Ophelia,ophelia.rosencrantz9711@hotmail.com,WA,06/07/1957,,
Ivanisevic,Yelena,yelena.ivanisevic1389@hotmail.com,NY,09/12/1994,,
Xylowitz,Nellie,nellie.xylowitz9118@compuserve.net,NY,09/21/1967,,
Schtuppering,Fred,fred.schtuppering173@hotmail.com,CA,10/30/1975,,
Yoo,Smitty,smitty.yoo3779@hotmail.com,CA,06/04/1980,,
Uvula,Gilbert,gilbert.uvula2611@hotmail.com,CA,09/09/1968,Smitty Yoo,
Oppenheimer,Leonard,leonard.oppenheimer4935@hotmail.com,CA,02/17/1962,,
Rosencrantz,Uruguay,uruguay.rosencrantz771@hotmail.com,CT,02/05/1971,,
Rosencrantz,Horace,horace.rosencrantz9175@hotmail.com,CT,06/13/1977,Uruguay Rosencrantz,
Kittering,Dirk,dirk.kittering5694@compuserve.net,IL,07/05/1963,,
Kittering,Plato,plato.kittering5363@aol.com,IL,03/16/1991,Dirk Kittering,
Questlove,Queenie,queenie.questlove6726@compuserve.net,NY,02/21/1982,,
Xylowitz,Rascal,rascal.xylowitz7343@compuserve.net,CA,02/03/1963,,
Questlove,Fred,fred.questlove9793@aol.com,NY,09/01/1970,,
Uvula,Plato,plato.uvula1418@hotmail.com,WA,08/10/1954,,
Blabbermutt,Ida,ida.blabbermutt3586@aol.com,NY,11/11/1979,,
Blabbermutt,Maurice,maurice.blabbermutt7241@hotmail.com,CA,03/29/1963,,
Uvula,Ida,ida.uvula7987@aol.com,NY,11/28/1966,,
Evans,Fred,fred.evans2098@aol.com,NJ,03/02/1991,,
Blabbermutt,Yelena,yelena.blabbermutt8117@aol.com,CA,10/27/1967,,
Oppenheimer,Zanzibar,zanzibar.oppenheimer6142@compuserve.net,CA,08/20/1964,,
Schtuppering,Ida,ida.schtuppering4263@compuserve.net,IL,11/29/1964,,
Questlove,Ida,ida.questlove832@aol.com,NY,12/08/1976,,
Questlove,Gilbert,gilbert.questlove5376@hotmail.com,NY,09/07/1958,Ida Questlove,
Rosencrantz,Zanzibar,zanzibar.rosencrantz5042@hotmail.com,CT,03/04/1980,,
Atkins,Uruguay,uruguay.atkins3764@aol.com,NY,05/27/1967,,
Jenkins,Nellie,nellie.jenkins3159@hotmail.com,AK,02/22/1987,,
Ivanisevic,Fred,fred.ivanisevic7307@aol.com,CA,01/21/1974,,
Greenblatt,Klamut,klamut.greenblatt7188@hotmail.com,NJ,04/09/1993,,
Neuberg,Fred,fred.neuberg3800@compuserve.net,CA,06/28/1969,,
Talts,Dirk,dirk.talts5838@compuserve.net,IL,01/19/1968,,
Talts,Carol,carol.talts5604@aol.com,IL,08/05/2011,Dirk Talts,
Neuberg,Uruguay,uruguay.neuberg9840@hotmail.com,NY,10/15/1956,,
Questlove,Ida,ida.questlove3052@compuserve.net,WA,03/01/1986,,
Schtuppering,Horace,horace.schtuppering2628@hotmail.com,VA,01/10/1955,,
Schtuppering,Queenie,queenie.schtuppering1165@aol.com,VA,01/01/2006,Horace Schtuppering,
Neuberg,Maurice,maurice.neuberg9699@hotmail.com,WA,01/07/1971,,
Vluffernutter,Gilbert,gilbert.vluffernutter9396@aol.com,NY,10/31/1965,,
Platapus,Nellie,nellie.platapus2159@aol.com,NY,11/13/1957,,
Wachowski,Yelena,yelena.wachowski1485@hotmail.com,IL,04/20/1955,,
Wachowski,Uruguay,uruguay.wachowski6269@compuserve.net,NY,11/30/1975,,
Yoo,Smitty,smitty.yoo2966@compuserve.net,OK,11/26/1971,,
Mueller,Plato,plato.mueller4826@hotmail.com,NY,04/19/1958,,
Atkins,Ophelia,ophelia.atkins2006@aol.com,CA,07/06/1963,,
Wachowski,Tessa,tessa.wachowski6653@compuserve.net,CA,03/12/1962,,
Atkins,Tessa,tessa.atkins1224@aol.com,VA,11/06/1966,,
Wachowski,Zanzibar,zanzibar.wachowski2965@hotmail.com,VA,02/27/1977,,
Xylowitz,Leonard,leonard.xylowitz349@compuserve.net,NY,01/16/1979,,
Xylowitz,Leonard,leonard.xylowitz3803@hotmail.com,NY,07/28/1992,,
Fish,Xerxes,xerxes.fish2973@hotmail.com,NY,06/23/1967,,
Blabbermutt,Alice,alice.blabbermutt7837@hotmail.com,NY,10/13/1972,,
Blabbermutt,Nellie,nellie.blabbermutt6994@aol.com,NY,05/31/1967,Alice Blabbermutt,
Yoo,Ophelia,ophelia.yoo4513@hotmail.com,NY,12/22/1963,,
Atkins,Leonard,leonard.atkins1224@compuserve.net,OK,01/30/1965,,
Jenkins,Leonard,leonard.jenkins933@compuserve.net,NJ,04/09/1980,,
Zaatar,Xerxes,xerxes.zaatar8328@compuserve.net,NJ,02/26/1972,Leonard Jenkins,
Yoo,Nellie,nellie.yoo7387@hotmail.com,OK,01/10/1979,,
Platapus,Xerxes,xerxes.platapus4124@compuserve.net,VA,01/28/1969,,
Neuberg,Jenkins,jenkins.neuberg4071@aol.com,NY,04/15/1973,,
Vluffernutter,Dirk,dirk.vluffernutter4140@aol.com,NY,08/25/1984,,
Greenblatt,Fred,fred.greenblatt9218@compuserve.net,NY,08/30/1965,,
Kittering,Evander,evander.kittering3767@hotmail.com,NY,02/11/1968,,
Kittering,Evander,evander.kittering1747@hotmail.com,NY,04/14/1986,,
Xylowitz,Alice,alice.xylowitz8011@hotmail.com,NY,03/13/1962,,
Kittering,Queenie,queenie.kittering6348@compuserve.net,NY,11/25/1990,,
Djokovic,Jenkins,jenkins.djokovic9221@aol.com,NY,04/01/1971,Queenie Kittering,
Hibbert,Ophelia,ophelia.hibbert7912@compuserve.net,WA,04/18/1957,,
Xylowitz,Klamut,klamut.xylowitz7447@compuserve.net,CA,07/11/1962,,
Blabbermutt,Ida,ida.blabbermutt7877@hotmail.com,NY,02/21/1977,,
Schtuppering,Dirk,dirk.schtuppering4515@hotmail.com,OK,10/05/1955,,
Schtuppering,Klamut,klamut.schtuppering9475@aol.com,OK,08/11/1985,Dirk Schtuppering,
Kittering,Tessa,tessa.kittering3010@compuserve.net,IL,07/01/1989,,
Greenblatt,Tessa,tessa.greenblatt700@compuserve.net,VA,04/25/1970,,
Rosencrantz,Jenkins,jenkins.rosencrantz2808@compuserve.net,CT,05/31/1986,,
Questlove,Wolfgang,wolfgang.questlove2039@aol.com,NY,04/05/1981,,
Schtuppering,Smitty,smitty.schtuppering2913@compuserve.net,NY,05/03/1977,,
Yoo,Dirk,dirk.yoo8675@aol.com,NJ,12/02/1961,,
Vluffernutter,Dirk,dirk.vluffernutter2917@hotmail.com,NY,10/26/1967,,
Platapus,Carol,carol.platapus2993@aol.com,NY,04/01/1979,,
Platapus,Jenkins,jenkins.platapus7193@hotmail.com,NY,08/17/1985,,
Ivanisevic,Evander,evander.ivanisevic453@aol.com,NY,06/30/1988,,
Codd,Smitty,smitty.codd7276@hotmail.com,AK,06/06/1966,,
Djokovic,Ida,ida.djokovic5090@hotmail.com,NY,06/29/1977,,
Ivanisevic,Queenie,queenie.ivanisevic9095@hotmail.com,AK,07/25/1964,,
Zaatar,Alice,alice.zaatar1828@compuserve.net,NY,05/09/1969,,
Atkins,Rascal,rascal.atkins1042@hotmail.com,AK,02/03/1978,,
Xylowitz,Ida,ida.xylowitz4321@aol.com,NY,08/07/1979,,
Talts,Fred,fred.talts6327@aol.com,CT,11/15/1976,,
Xylowitz,Smitty,smitty.xylowitz7007@compuserve.net,OK,11/01/1985,,
Fish,Nellie,nellie.fish1260@hotmail.com,NY,03/18/1990,,
Fish,Klamut,klamut.fish4596@hotmail.com,NY,03/19/1995,Nellie Fish,
Mueller,Zanzibar,zanzibar.mueller7878@compuserve.net,AK,12/10/1984,,
Ivanisevic,Fred,fred.ivanisevic8137@aol.com,NY,12/28/1979,,
Lysenko,Ophelia,ophelia.lysenko4080@aol.com,CT,05/12/1974,,
Kittering,Alice,alice.kittering4076@hotmail.com,NY,08/13/1954,,
Yoo,Yelena,yelena.yoo2835@hotmail.com,NY,08/25/1993,,
Questlove,Horace,horace.questlove3360@compuserve.net,AK,03/27/1968,,
Rosencrantz,Evander,evander.rosencrantz438@aol.com,NY,05/09/1973,,
Lysenko,Tessa,tessa.lysenko9375@compuserve.net,NY,05/13/1987,Evander Rosencrantz,
Mueller,Fred,fred.mueller6709@hotmail.com,CT,09/09/1986,,
Lysenko,Xerxes,xerxes.lysenko2053@compuserve.net,NY,04/30/1984,,
Hibbert,Tessa,tessa.hibbert6741@aol.com,NJ,07/12/1976,,
Hibbert,Vova,vova.hibbert3900@compuserve.net,NJ,06/04/1979,,
Oppenheimer,Uruguay,uruguay.oppenheimer7211@hotmail.com,NY,05/27/1975,,
Atkins,Ophelia,ophelia.atkins6745@compuserve.net,NY,01/15/1980,,
Codd,Zanzibar,zanzibar.codd8656@aol.com,NY,05/09/1972,,
Neuberg,Zanzibar,zanzibar.neuberg2497@aol.com,NY,05/24/1987,,
Codd,Bob,bob.codd620@hotmail.com,NY,06/20/1974,,
Jenkins,Alice,alice.jenkins5022@compuserve.net,NY,10/28/1972,Bob Codd,
Atkins,Tessa,tessa.atkins8723@compuserve.net,NY,08/06/1983,,
Ivanisevic,Leonard,leonard.ivanisevic7487@compuserve.net,NY,08/14/1968,,
Rosencrantz,Uruguay,uruguay.rosencrantz4204@aol.com,NY,08/09/1974,,
Greenblatt,Dirk,dirk.greenblatt3100@hotmail.com,NY,05/04/1967,,
Ivanisevic,Rascal,rascal.ivanisevic2770@hotmail.com,IL,06/30/1982,,
Platapus,Tessa,tessa.platapus4973@hotmail.com,CA,09/07/1985,,
Djokovic,Yelena,yelena.djokovic6317@hotmail.com,CA,05/06/1979,,
Ivanisevic,Ophelia,ophelia.ivanisevic2514@compuserve.net,WA,04/04/1974,,
Talts,Ophelia,ophelia.talts6809@compuserve.net,NY,04/08/1978,,
Djokovic,Klamut,klamut.djokovic9909@aol.com,NY,07/11/1964,,
Xylowitz,Fred,fred.xylowitz489@hotmail.com,VA,08/09/1974,,
Codd,Fred,fred.codd4661@aol.com,OK,04/19/1957,,
Codd,Fred,fred.codd5096@hotmail.com,OK,09/28/2013,Fred Codd,
Mueller,Zanzibar,zanzibar.mueller7777@hotmail.com,CA,01/30/1972,,
Kittering,Leonard,leonard.kittering9119@aol.com,CA,03/15/1954,,
Kittering,Tessa,tessa.kittering431@hotmail.com,CA,07/10/1989,Leonard Kittering,
Neuberg,Ida,ida.neuberg7844@compuserve.net,NY,06/15/1967,,
Rosencrantz,Plato,plato.rosencrantz2880@compuserve.net,OK,04/12/1976,,
Rosencrantz,Klamut,klamut.rosencrantz7562@compuserve.net,VA,04/17/1967,,
Lysenko,Zanzibar,zanzibar.lysenko6992@compuserve.net,VA,01/21/1991,,
Rosencrantz,Xerxes,xerxes.rosencrantz2885@aol.com,NJ,12/24/1970,,
Oppenheimer,Wolfgang,wolfgang.oppenheimer3449@compuserve.net,NJ,12/29/1985,Xerxes Rosencrantz,
Fish,Vova,vova.fish2051@compuserve.net,NJ,08/04/1981,,
Codd,Xerxes,xerxes.codd3777@aol.com,CA,05/28/1980,,
Neuberg,Evander,evander.neuberg8722@hotmail.com,NY,06/15/1963,,
Hibbert,Queenie,queenie.hibbert9410@compuserve.net,NY,09/15/1984,,
Djokovic,Rascal,rascal.djokovic783@compuserve.net,NY,01/17/1980,,
Jenkins,Vova,vova.jenkins1159@aol.com,NY,05/05/1960,,
Greenblatt,Plato,plato.greenblatt1354@compuserve.net,CA,12/19/1957,,
Yoo,Plato,plato.yoo6028@hotmail.com,NY,12/13/1969,,
Talts,Gilbert,gilbert.talts1054@aol.com,CT,01/24/1967,,
Djokovic,Plato,plato.djokovic1115@hotmail.com,NY,04/01/1979,,
Lysenko,Bob,bob.lysenko2769@hotmail.com,NJ,12/01/1982,,
Lysenko,Rascal,rascal.lysenko6606@compuserve.net,NJ,03/07/1969,Bob Lysenko,
Kittering,Gilbert,gilbert.kittering4517@compuserve.net,NY,10/27/1970,,
Talts,Evander,evander.talts2365@hotmail.com,CT,08/16/1955,,
Platapus,Vova,vova.platapus465@compuserve.net,NY,11/08/1956,,
Mueller,Rascal,rascal.mueller2364@hotmail.com,CT,06/09/1984,,
Questlove,Yelena,yelena.questlove1520@compuserve.net,VA,04/03/1975,,
Rosencrantz,Evander,evander.rosencrantz5143@hotmail.com,NY,04/08/1983,,
Hibbert,Uruguay,uruguay.hibbert8540@aol.com,NY,03/18/1966,,
Wachowski,Zanzibar,zanzibar.wachowski5638@compuserve.net,IL,06/18/1967,,
Mueller,Rascal,rascal.mueller1366@compuserve.net,VA,11/12/1976,,
Ivanisevic,Dirk,dirk.ivanisevic9543@compuserve.net,NY,07/02/1957,,
Fish,Uruguay,uruguay.fish2430@compuserve.net,CA,03/13/1954,,
Uvula,Klamut,klamut.uvula729@hotmail.com,NY,12/15/1964,,
Atkins,Queenie,queenie.atkins7797@compuserve.net,OK,08/07/1967,,
Evans,Alice,alice.evans8445@aol.com,OK,03/09/1988,,
Lysenko,Ida,ida.lysenko4041@hotmail.com,NY,05/07/1978,,
Ivanisevic,Horace,horace.ivanisevic9842@aol.com,AK,09/17/1981,,
Vluffernutter,Alice,alice.vluffernutter1797@aol.com,AK,01/06/1992,Horace Ivanisevic,
Blabbermutt,Ophelia,ophelia.blabbermutt7598@aol.com,CA,11/30/1971,,
Neuberg,Fred,fred.neuberg9716@aol.com,CA,10/13/1959,,
Atkins,Rascal,rascal.atkins7015@hotmail.com,CA,07/21/1966,,
Atkins,Rascal,rascal.atkins1555@hotmail.com,NY,04/17/1994,,
Talts,Gilbert,gilbert.talts5577@compuserve.net,WA,09/21/1964,,
Codd,Gilbert,gilbert.codd7932@aol.com,OK,07/23/1969,,
Fish,Carol,carol.fish947@aol.com,OK,06/05/1960,Gilbert Codd,
Rosencrantz,Evander,evander.rosencrantz6647@compuserve.net,IL,02/04/1991,,
Fish,Dirk,dirk.fish4430@aol.com,NY,04/22/1964,,
Hibbert,Plato,plato.hibbert293@compuserve.net,NY,10/01/1967,,
Vluffernutter,Vova,vova.vluffernutter8538@aol.com,NY,02/11/1984,,
Yoo,Vova,vova.yoo9567@hotmail.com,NY,04/09/1960,,
Greenblatt,Vova,vova.greenblatt8119@compuserve.net,NY,07/07/1960,,
Yoo,Alice,alice.yoo1220@compuserve.net,CT,09/06/1966,,
Yoo,Jenkins,jenkins.yoo1612@hotmail.com,CT,01/13/1963,Alice Yoo,
Rosencrantz,Evander,evander.rosencrantz3497@compuserve.net,OK,08/20/1988,,
Neuberg,Vova,vova.neuberg264@aol.com,NJ,10/04/1989,,
Codd,Carol,carol.codd3276@hotmail.com,NY,12/27/1994,,
Questlove,Klamut,klamut.questlove7584@hotmail.com,IL,06/12/1954,,
Djokovic,Yelena,yelena.djokovic5828@aol.com,NY,02/02/1971,,
Codd,Wolfgang,wolfgang.codd4204@hotmail.com,NY,03/25/1982,,
Oppenheimer,Horace,horace.oppenheimer352@hotmail.com,NY,01/20/1993,,
Neuberg,Fred,fred.neuberg6385@aol.com,WA,01/20/1960,,
Jenkins,Gilbert,gilbert.jenkins6745@hotmail.com,VA,02/26/1969,,
Zaatar,Alice,alice.zaatar9390@compuserve.net,OK,06/04/1961,,
Greenblatt,Uruguay,uruguay.greenblatt9520@aol.com,CT,09/02/1993,,
Greenblatt,Rascal,rascal.greenblatt8214@hotmail.com,NY,06/01/1971,,
Zaatar,Jenkins,jenkins.zaatar4465@compuserve.net,NY,01/08/1966,Rascal Greenblatt,
Platapus,Maurice,maurice.platapus7588@hotmail.com,CT,06/24/1961,,
Greenblatt,Rascal,rascal.greenblatt651@hotmail.com,NY,11/27/1991,,
Lysenko,Carol,carol.lysenko3675@compuserve.net,NY,01/09/1964,,
Mueller,Rascal,rascal.mueller4990@hotmail.com,WA,10/12/1977,,
Kittering,Klamut,klamut.kittering4212@aol.com,OK,07/11/1991,,
Kittering,Queenie,queenie.kittering4015@compuserve.net,OK,10/18/1991,Klamut Kittering,
Djokovic,Ida,ida.djokovic2375@aol.com,IL,08/28/1954,,
Uvula,Alice,alice.uvula4955@hotmail.com,NY,04/06/1972,,
Wachowski,Klamut,klamut.wachowski6391@aol.com,NJ,02/11/1962,,
Hibbert,Klamut,klamut.hibbert9631@aol.com,CT,05/26/1974,,
Hibbert,Klamut,klamut.hibbert418@compuserve.net,CT,08/27/1967,Klamut Hibbert,
Neuberg,Ophelia,ophelia.neuberg2289@hotmail.com,NY,01/02/1972,,
Schtuppering,Jenkins,jenkins.schtuppering8752@hotmail.com,NY,09/26/1962,,
Platapus,Queenie,queenie.platapus5295@hotmail.com,NY,08/08/1979,,
Kittering,Yelena,yelena.kittering3100@aol.com,NY,04/14/1986,,
Rosencrantz,Nellie,nellie.rosencrantz4309@compuserve.net,NY,05/12/2012,Yelena Kittering,
Zaatar,Smitty,smitty.zaatar8169@aol.com,NY,12/04/1985,,
Neuberg,Klamut,klamut.neuberg2811@hotmail.com,VA,08/02/1955,,
Yoo,Maurice,maurice.yoo7117@aol.com,CA,07/17/1956,,
Blabbermutt,Gilbert,gilbert.blabbermutt4099@compuserve.net,NJ,04/06/1963,,
Wachowski,Carol,carol.wachowski6701@compuserve.net,NY,02/11/1962,,
Kittering,Plato,plato.kittering6966@compuserve.net,NY,03/17/1985,,
Uvula,Evander,evander.uvula5578@aol.com,NY,06/16/1992,,
Vluffernutter,Maurice,maurice.vluffernutter7526@hotmail.com,NY,11/09/1973,,
Kittering,Nellie,nellie.kittering7368@hotmail.com,CA,05/31/1989,,
Questlove,Vova,vova.questlove8027@aol.com,WA,08/14/1959,,
Jenkins,Rascal,rascal.jenkins4405@hotmail.com,IL,12/01/1988,,
Jenkins,Queenie,queenie.jenkins5506@hotmail.com,NY,02/11/1990,,
Ivanisevic,Rascal,rascal.ivanisevic9610@hotmail.com,CT,04/22/1960,,
Greenblatt,Rascal,rascal.greenblatt1676@hotmail.com,AK,01/02/1959,,
Greenblatt,Nellie,nellie.greenblatt9313@hotmail.com,AK,05/22/1984,Rascal Greenblatt,
Djokovic,Evander,evander.djokovic7323@compuserve.net,IL,10/13/1961,,
Kittering,Nellie,nellie.kittering3549@aol.com,CT,10/15/1973,,
Djokovic,Maurice,maurice.djokovic6426@compuserve.net,NY,12/20/1984,,
Greenblatt,Ida,ida.greenblatt6096@aol.com,NJ,08/06/1979,,
Platapus,Nellie,nellie.platapus7022@hotmail.com,NJ,11/18/1985,,
Yoo,Fred,fred.yoo7910@hotmail.com,NY,08/17/1959,,
Fish,Bob,bob.fish5316@hotmail.com,IL,02/21/1968,,
Platapus,Queenie,queenie.platapus246@hotmail.com,CA,02/10/1966,,
Zaatar,Tessa,tessa.zaatar4060@hotmail.com,NY,05/23/1956,,
Blabbermutt,Evander,evander.blabbermutt2130@aol.com,CA,08/21/1962,,
Uvula,Vova,vova.uvula9577@compuserve.net,NY,11/14/1989,,
Questlove,Zanzibar,zanzibar.questlove7331@compuserve.net,OK,07/23/1987,,
Jenkins,Maurice,maurice.jenkins1543@hotmail.com,NY,09/25/1983,,
Lysenko,Gilbert,gilbert.lysenko4510@hotmail.com,CT,12/19/1975,,
Wachowski,Leonard,leonard.wachowski1792@hotmail.com,OK,06/06/1966,,
Xylowitz,Gilbert,gilbert.xylowitz9817@aol.com,OK,11/01/1964,Leonard Wachowski,
Atkins,Alice,alice.atkins8327@aol.com,WA,01/25/1985,,
Kittering,Dirk,dirk.kittering7631@compuserve.net,CA,08/15/1959,,
Oppenheimer,Gilbert,gilbert.oppenheimer1153@aol.com,CA,06/10/1989,Dirk Kittering,
Atkins,Bob,bob.atkins8955@aol.com,CA,07/08/1958,,
Oppenheimer,Uruguay,uruguay.oppenheimer5244@compuserve.net,NY,03/26/1988,,
Evans,Queenie,queenie.evans4064@compuserve.net,CT,03/28/1971,,
Jenkins,Vova,vova.jenkins941@hotmail.com,NJ,06/22/1957,,
Evans,Uruguay,uruguay.evans822@aol.com,CA,05/20/1992,,
Ivanisevic,Ida,ida.ivanisevic3079@compuserve.net,NY,01/29/1963,,
Vluffernutter,Zanzibar,zanzibar.vluffernutter2016@compuserve.net,CT,07/10/1959,,
Uvula,Yelena,yelena.uvula8240@hotmail.com,NY,10/10/1958,,
Oppenheimer,Gilbert,gilbert.oppenheimer3887@aol.com,CA,02/08/1962,,
Rosencrantz,Yelena,yelena.rosencrantz5645@hotmail.com,NY,01/24/1969,,
Questlove,Klamut,klamut.questlove1757@hotmail.com,CT,03/30/1977,,
Mueller,Dirk,dirk.mueller3214@aol.com,CA,06/11/1979,,
Lysenko,Smitty,smitty.lysenko4283@compuserve.net,CT,11/17/1983,,
Kittering,Maurice,maurice.kittering8552@hotmail.com,AK,11/01/1985,,
Jenkins,Leonard,leonard.jenkins2415@aol.com,NY,08/16/1962,,
Jenkins,Rascal,rascal.jenkins9842@aol.com,NY,02/26/1995,Leonard Jenkins,
Evans,Horace,horace.evans1983@hotmail.com,NJ,02/02/1974,,
Greenblatt,Maurice,maurice.greenblatt5863@hotmail.com,OK,03/06/1980,,
Ivanisevic,Evander,evander.ivanisevic6504@hotmail.com,CT,12/29/1983,,
Neuberg,Vova,vova.neuberg881@aol.com,NY,09/03/1994,,
Fish,Jenkins,jenkins.fish9505@hotmail.com,NY,10/27/1955,,
Xylowitz,Leonard,leonard.xylowitz3319@compuserve.net,NY,02/16/1973,,
Xylowitz,Uruguay,uruguay.xylowitz7635@aol.com,NY,10/18/1998,Leonard Xylowitz,
Wachowski,Nellie,nellie.wachowski7845@hotmail.com,VA,02/06/1956,,
Neuberg,Klamut,klamut.neuberg5391@aol.com,NY,03/27/1980,,
Atkins,Xerxes,xerxes.atkins1101@aol.com,IL,11/17/1972,,
Mueller,Bob,bob.mueller3664@hotmail.com,CT,11/23/1974,,
Greenblatt,Bob,bob.greenblatt8035@hotmail.com,VA,03/03/1964,,
Jenkins,Vova,vova.jenkins6466@compuserve.net,CA,08/09/1985,,
Hibbert,Leonard,leonard.hibbert6772@compuserve.net,NY,10/07/1992,,
Fish,Uruguay,uruguay.fish2255@aol.com,OK,04/20/1993,,
Neuberg,Maurice,maurice.neuberg7320@aol.com,NY,03/24/1983,,
Schtuppering,Nellie,nellie.schtuppering5496@hotmail.com,CT,01/02/1984,,
Kittering,Tessa,tessa.kittering8840@compuserve.net,NY,09/09/1960,,
Uvula,Dirk,dirk.uvula6556@compuserve.net,NY,01/12/1992,,
Platapus,Ida,ida.platapus775@hotmail.com,NY,02/01/1961,,
Codd,Fred,fred.codd4943@aol.com,NY,07/26/2006,Ida Platapus,
Djokovic,Alice,alice.djokovic5101@compuserve.net,NY,06/26/1959,,
Uvula,Leonard,leonard.uvula4471@compuserve.net,AK,03/13/1994,,
Mueller,Vova,vova.mueller1338@compuserve.net,NY,11/10/1960,,
Ivanisevic,Tessa,tessa.ivanisevic6573@compuserve.net,NY,09/28/1960,,
Vluffernutter,Fred,fred.vluffernutter6102@hotmail.com,AK,05/31/1970,,
Blabbermutt,Jenkins,jenkins.blabbermutt7693@hotmail.com,OK,03/03/1966,,
Fish,Smitty,smitty.fish2428@hotmail.com,NY,08/30/1962,,
Talts,Horace,horace.talts3656@compuserve.net,NY,12/26/1966,,
Mueller,Jenkins,jenkins.mueller6030@aol.com,NY,06/30/1978,,
Schtuppering,Gilbert,gilbert.schtuppering2844@hotmail.com,NY,01/11/1965,,
Neuberg,Carol,carol.neuberg6374@compuserve.net,NY,09/06/1974,Gilbert Schtuppering,
Talts,Queenie,queenie.talts6722@aol.com,CA,06/02/1972,,
Neuberg,Fred,fred.neuberg6697@compuserve.net,NY,09/08/1989,,
Hibbert,Queenie,queenie.hibbert4660@aol.com,NY,08/02/1985,,
Greenblatt,Klamut,klamut.greenblatt4922@hotmail.com,NJ,09/12/1973,,
Codd,Rascal,rascal.codd2277@hotmail.com,NY,06/08/1974,,
Talts,Maurice,maurice.talts9192@compuserve.net,NY,01/06/1971,,
Oppenheimer,Rascal,rascal.oppenheimer1847@compuserve.net,CA,06/29/1974,,
Blabbermutt,Horace,horace.blabbermutt6792@compuserve.net,NY,11/14/1968,,
Xylowitz,Tessa,tessa.xylowitz7645@aol.com,CA,12/14/1979,,
Questlove,Jenkins,jenkins.questlove4786@compuserve.net,CA,07/13/1994,,
Ivanisevic,Klamut,klamut.ivanisevic8309@hotmail.com,CA,03/20/1967,,
Atkins,Maurice,maurice.atkins4650@compuserve.net,NJ,01/28/1959,,
Lysenko,Klamut,klamut.lysenko1401@aol.com,CA,03/04/1960,,
Neuberg,Ida,ida.neuberg3797@compuserve.net,NY,08/13/1994,,
Yoo,Alice,alice.yoo2121@aol.com,NY,06/09/1984,,
Jenkins,Uruguay,uruguay.jenkins9143@hotmail.com,AK,03/22/1984,,
Platapus,Vova,vova.platapus1606@compuserve.net,NJ,06/01/1964,,
Blabbermutt,Gilbert,gilbert.blabbermutt3686@aol.com,IL,09/14/1960,,
Fish,Zanzibar,zanzibar.fish9731@hotmail.com,IL,01/07/1971,Gilbert Blabbermutt,
Rosencrantz,Carol,carol.rosencrantz781@compuserve.net,NJ,08/08/1957,,
Wachowski,Ophelia,ophelia.wachowski2257@compuserve.net,NJ,12/31/1994,,
Uvula,Yelena,yelena.uvula6274@compuserve.net,WA,10/18/1982,,
Hibbert,Carol,carol.hibbert7350@aol.com,NY,07/11/1982,,
Mueller,Ophelia,ophelia.mueller8321@aol.com,NY,06/04/1978,,
Lysenko,Fred,fred.lysenko3296@compuserve.net,NJ,03/03/1981,,
Greenblatt,Nellie,nellie.greenblatt9748@hotmail.com,NY,07/12/1961,,
Fish,Horace,horace.fish7609@compuserve.net,WA,12/22/1965,,
Vluffernutter,Gilbert,gilbert.vluffernutter2993@aol.com,AK,09/03/1985,,
Atkins,Dirk,dirk.atkins6010@compuserve.net,NY,04/24/1992,,
Evans,Yelena,yelena.evans7730@hotmail.com,NY,11/26/1971,,
Questlove,Fred,fred.questlove192@hotmail.com,NY,05/20/1954,,
Yoo,Gilbert,gilbert.yoo4356@compuserve.net,WA,11/03/1960,,
Blabbermutt,Tessa,tessa.blabbermutt4394@hotmail.com,NY,10/11/1967,,
Evans,Klamut,klamut.evans1100@hotmail.com,NY,01/08/1990,,
Hibbert,Nellie,nellie.hibbert2710@aol.com,NY,01/29/1972,,
Mueller,Dirk,dirk.mueller4315@hotmail.com,NY,11/24/1971,,
Lysenko,Bob,bob.lysenko3203@aol.com,NY,06/29/1982,,
Neuberg,Klamut,klamut.neuberg1828@hotmail.com,NY,12/05/1982,,
Hibbert,Alice,alice.hibbert1301@hotmail.com,NY,09/02/1976,Klamut Neuberg,
Kittering,Maurice,maurice.kittering9071@aol.com,CT,03/04/1992,,
Rosencrantz,Xerxes,xerxes.rosencrantz1581@aol.com,NJ,04/15/1969,,
Schtuppering,Plato,plato.schtuppering6315@hotmail.com,CA,12/16/1955,,
Vluffernutter,Zanzibar,zanzibar.vluffernutter1249@aol.com,NY,12/17/1975,,
Schtuppering,Leonard,leonard.schtuppering3092@compuserve.net,WA,04/26/1960,,
Questlove,Vova,vova.questlove8789@compuserve.net,NY,05/22/1957,,
Codd,Wolfgang,wolfgang.codd9031@compuserve.net,NY,01/13/1969,,
Lysenko,Uruguay,uruguay.lysenko2481@hotmail.com,NJ,01/11/1956,,
Ivanisevic,Vova,vova.ivanisevic5982@compuserve.net,VA,05/21/1980,,
Wachowski,Yelena,yelena.wachowski3872@compuserve.net,NY,05/06/1994,,
Ivanisevic,Wolfgang,wolfgang.ivanisevic4556@hotmail.com,NY,12/19/1979,,
Ivanisevic,Queenie,queenie.ivanisevic9753@hotmail.com,CA,04/19/1974,,
Mueller,Alice,alice.mueller5286@hotmail.com,NY,06/02/1984,,
Schtuppering,Maurice,maurice.schtuppering232@compuserve.net,NY,11/10/1993,,
Yoo,Plato,plato.yoo2124@aol.com,NY,05/01/1981,Maurice Schtuppering,
Djokovic,Evander,evander.djokovic7463@compuserve.net,NY,05/07/1972,,
Xylowitz,Xerxes,xerxes.xylowitz5488@aol.com,NJ,06/09/1971,,
Evans,Bob,bob.evans8339@compuserve.net,NJ,11/16/1988,,
Neuberg,Tessa,tessa.neuberg9857@aol.com,NY,12/01/1961,,
Talts,Horace,horace.talts1321@compuserve.net,IL,12/03/1986,,
Kittering,Xerxes,xerxes.kittering9075@aol.com,VA,09/03/1968,,
Questlove,Tessa,tessa.questlove4473@hotmail.com,VA,06/16/1983,,
Uvula,Zanzibar,zanzibar.uvula2845@compuserve.net,NY,12/02/1981,,
Kittering,Zanzibar,zanzibar.kittering2072@aol.com,NY,12/10/1965,,
Blabbermutt,Vova,vova.blabbermutt9736@hotmail.com,NJ,01/30/1978,,
Yoo,Tessa,tessa.yoo2018@hotmail.com,NY,12/16/1965,,
Neuberg,Smitty,smitty.neuberg8493@compuserve.net,NJ,11/26/1977,,
Yoo,Queenie,queenie.yoo1772@aol.com,NJ,12/19/1987,Smitty Neuberg,
Jenkins,Tessa,tessa.jenkins1676@hotmail.com,NY,04/16/1986,,
Mueller,Klamut,klamut.mueller1140@compuserve.net,NY,01/21/1970,,
Atkins,Plato,plato.atkins3899@compuserve.net,CA,04/08/1975,,
Questlove,Plato,plato.questlove9364@aol.com,WA,09/21/1955,,
Atkins,Zanzibar,zanzibar.atkins115@aol.com,CA,08/15/1974,,
Talts,Gilbert,gilbert.talts3481@hotmail.com,WA,09/17/1959,,
Questlove,Queenie,queenie.questlove7474@hotmail.com,NY,06/23/1968,,
Djokovic,Plato,plato.djokovic1375@compuserve.net,NY,12/11/1967,,
Djokovic,Carol,carol.djokovic6028@hotmail.com,NY,05/22/1985,Plato Djokovic,
Uvula,Alice,alice.uvula4975@hotmail.com,AK,05/04/1971,,
Yoo,Tessa,tessa.yoo6836@aol.com,NY,12/25/1991,,
Vluffernutter,Klamut,klamut.vluffernutter1062@hotmail.com,NY,09/04/1990,,
Questlove,Plato,plato.questlove3740@compuserve.net,WA,08/18/1963,,
Questlove,Alice,alice.questlove8682@aol.com,WA,03/12/2001,Plato Questlove,
Lysenko,Jenkins,jenkins.lysenko5165@aol.com,NJ,05/17/1984,,
Kittering,Queenie,queenie.kittering3142@compuserve.net,NY,01/31/1973,,
Schtuppering,Tessa,tessa.schtuppering1452@hotmail.com,CT,09/08/1983,,
Xylowitz,Gilbert,gilbert.xylowitz9719@hotmail.com,CT,08/05/1962,,
Kittering,Dirk,dirk.kittering3674@hotmail.com,AK,03/26/1961,,
Fish,Dirk,dirk.fish1619@compuserve.net,CT,07/15/1991,,
Wachowski,Smitty,smitty.wachowski6198@hotmail.com,CA,02/16/1979,,
Questlove,Smitty,smitty.questlove224@compuserve.net,CT,09/29/1964,,
Yoo,Uruguay,uruguay.yoo4175@hotmail.com,NY,03/11/1986,,
Yoo,Carol,carol.yoo9997@aol.com,CA,05/12/1983,,
Kittering,Zanzibar,zanzibar.kittering453@hotmail.com,AK,05/09/1966,,
Evans,Wolfgang,wolfgang.evans3441@aol.com,CT,06/13/1991,,
Jenkins,Dirk,dirk.jenkins8051@aol.com,CT,08/25/1968,,
Wachowski,Plato,plato.wachowski9483@aol.com,NY,08/05/1954,,
Vluffernutter,Ida,ida.vluffernutter7433@aol.com,NY,05/18/1974,,
Talts,Yelena,yelena.talts8870@compuserve.net,NY,06/17/1988,,
Xylowitz,Yelena,yelena.xylowitz6901@compuserve.net,AK,08/09/1971,,
Oppenheimer,Plato,plato.oppenheimer7475@hotmail.com,IL,05/23/1965,,
Yoo,Jenkins,jenkins.yoo8132@hotmail.com,IL,02/15/1999,Plato Oppenheimer,
Hibbert,Wolfgang,wolfgang.hibbert8579@aol.com,OK,04/16/1966,,
Atkins,Fred,fred.atkins4335@hotmail.com,NY,03/21/1969,,
Fish,Carol,carol.fish6197@compuserve.net,NY,06/18/1985,,
Oppenheimer,Bob,bob.oppenheimer8115@compuserve.net,NY,01/13/1958,,
Yoo,Alice,alice.yoo4978@hotmail.com,NY,01/29/1963,,
Lysenko,Gilbert,gilbert.lysenko3814@compuserve.net,AK,02/18/1982,,
Oppenheimer,Klamut,klamut.oppenheimer987@hotmail.com,VA,04/11/1973,,
Codd,Yelena,yelena.codd1759@compuserve.net,NY,08/04/1965,,
Evans,Wolfgang,wolfgang.evans9521@aol.com,NY,10/27/1992,,
Blabbermutt,Dirk,dirk.blabbermutt355@aol.com,VA,08/25/1981,,
Djokovic,Tessa,tessa.djokovic8740@compuserve.net,VA,01/02/1976,,
Djokovic,Alice,alice.djokovic6182@hotmail.com,VA,01/10/2002,Tessa Djokovic,
Greenblatt,Xerxes,xerxes.greenblatt9671@aol.com,WA,02/15/1964,,
Questlove,Evander,evander.questlove8237@aol.com,VA,12/17/1987,,
Talts,Ida,ida.talts1399@compuserve.net,IL,01/31/1965,,
Lysenko,Fred,fred.lysenko1597@hotmail.com,NJ,03/18/1963,,
Fish,Alice,alice.fish8863@aol.com,NY,10/10/1954,,
Neuberg,Smitty,smitty.neuberg5795@hotmail.com,NY,12/22/1962,,
Vluffernutter,Fred,fred.vluffernutter6698@hotmail.com,OK,11/26/1967,,
Vluffernutter,Yelena,yelena.vluffernutter8121@aol.com,OK,07/20/1956,Fred Vluffernutter,
Atkins,Klamut,klamut.atkins4888@aol.com,NY,03/17/1956,,
Platapus,Nellie,nellie.platapus1653@aol.com,NY,08/14/1978,,
Uvula,Rascal,rascal.uvula7272@hotmail.com,CA,03/03/1964,,
Mueller,Queenie,queenie.mueller2142@aol.com,WA,12/23/1971,,
Mueller,Klamut,klamut.mueller1572@compuserve.net,CA,05/08/1966,,
Codd,Bob,bob.codd1989@aol.com,NY,05/16/1969,,
Wachowski,Wolfgang,wolfgang.wachowski3808@hotmail.com,NY,07/29/1963,,
Questlove,Maurice,maurice.questlove4221@hotmail.com,CA,11/28/1984,,
Oppenheimer,Ophelia,ophelia.oppenheimer5807@compuserve.net,NY,02/27/1985,,
Greenblatt,Plato,plato.greenblatt4196@compuserve.net,NY,10/29/1987,,
Xylowitz,Vova,vova.xylowitz3208@aol.com,NY,09/27/1986,,
Hibbert,Maurice,maurice.hibbert6148@compuserve.net,NY,11/16/1976,,
Questlove,Klamut,klamut.questlove2069@hotmail.com,NY,04/22/1994,,
Schtuppering,Rascal,rascal.schtuppering1645@compuserve.net,VA,11/18/1965,,
Jenkins,Gilbert,gilbert.jenkins5428@hotmail.com,NY,05/02/1988,,
Atkins,Maurice,maurice.atkins1564@compuserve.net,NY,01/19/1993,,
Schtuppering,Jenkins,jenkins.schtuppering7419@compuserve.net,NY,01/05/1955,Maurice Atkins,
Djokovic,Gilbert,gilbert.djokovic4183@compuserve.net,IL,10/07/1974,,
Xylowitz,Smitty,smitty.xylowitz7134@compuserve.net,VA,12/02/1988,,
Uvula,Uruguay,uruguay.uvula466@compuserve.net,OK,07/18/1955,,
Vluffernutter,Carol,carol.vluffernutter2526@hotmail.com,CA,12/10/1985,,
Uvula,Leonard,leonard.uvula2611@compuserve.net,NY,08/28/1972,,
Blabbermutt,Evander,evander.blabbermutt5345@compuserve.net,OK,09/16/1990,,
Rosencrantz,Ophelia,ophelia.rosencrantz3323@aol.com,NY,10/20/1992,,
Hibbert,Klamut,klamut.hibbert4722@aol.com,OK,07/07/1993,,
Hibbert,Nellie,nellie.hibbert9209@aol.com,OK,05/02/1977,Klamut Hibbert,
Lysenko,Ida,ida.lysenko9211@compuserve.net,NY,03/07/1989,,
Fish,Yelena,yelena.fish3656@compuserve.net,NY,12/06/1954,,
Talts,Vova,vova.talts3784@compuserve.net,NY,02/06/1954,,
Evans,Plato,plato.evans8881@hotmail.com,NY,04/07/1957,,
Schtuppering,Fred,fred.schtuppering5325@compuserve.net,NY,10/26/1969,,
Rosencrantz,Jenkins,jenkins.rosencrantz1761@compuserve.net,NY,01/15/1984,,
Neuberg,Xerxes,xerxes.neuberg6442@compuserve.net,NY,12/11/1957,,
Xylowitz,Bob,bob.xylowitz8811@aol.com,NY,09/28/1985,,
Platapus,Nellie,nellie.platapus7591@aol.com,NJ,03/03/1992,,
Greenblatt,Horace,horace.greenblatt6945@aol.com,CA,04/16/1991,,
Zaatar,Yelena,yelena.zaatar9233@hotmail.com,CT,06/15/1977,,
Wachowski,Queenie,queenie.wachowski9512@aol.com,NY,08/25/1961,,
Codd,Wolfgang,wolfgang.codd8016@compuserve.net,NY,03/17/1961,,
Xylowitz,Gilbert,gilbert.xylowitz4833@aol.com,CA,03/11/1968,,
Xylowitz,Zanzibar,zanzibar.xylowitz802@compuserve.net,IL,01/31/1992,,
Vluffernutter,Dirk,dirk.vluffernutter4862@aol.com,NY,02/06/1959,,
Greenblatt,Dirk,dirk.greenblatt4625@hotmail.com,NY,01/17/1956,,
Rosencrantz,Alice,alice.rosencrantz4582@compuserve.net,NY,02/15/1994,,
Vluffernutter,Gilbert,gilbert.vluffernutter4718@aol.com,NJ,03/12/1979,,
Vluffernutter,Maurice,maurice.vluffernutter6966@hotmail.com,NJ,02/07/1968,Gilbert Vluffernutter,
Oppenheimer,Jenkins,jenkins.oppenheimer6614@aol.com,NY,07/08/1970,,
Rosencrantz,Smitty,smitty.rosencrantz4846@aol.com,AK,02/07/1988,,
Evans,Klamut,klamut.evans338@hotmail.com,NJ,03/04/1989,,
Kittering,Plato,plato.kittering7272@hotmail.com,NJ,12/12/1992,,
Platapus,Nellie,nellie.platapus7072@aol.com,NY,09/28/1973,,
Zaatar,Plato,plato.zaatar1051@hotmail.com,CA,01/17/1981,,
Lysenko,Wolfgang,wolfgang.lysenko7299@compuserve.net,CA,07/16/1959,Plato Zaatar,
Questlove,Rascal,rascal.questlove7861@hotmail.com,CT,10/16/1992,,
Questlove,Uruguay,uruguay.questlove1971@aol.com,NY,04/07/1969,,
Questlove,Smitty,smitty.questlove6745@compuserve.net,NJ,02/07/1977,,
Schtuppering,Maurice,maurice.schtuppering7952@compuserve.net,NY,06/09/1974,,
Mueller,Ida,ida.mueller199@compuserve.net,NY,03/27/1988,,
Mueller,Maurice,maurice.mueller3851@compuserve.net,NY,09/29/1970,Ida Mueller,
Neuberg,Klamut,klamut.neuberg8517@compuserve.net,IL,11/30/1980,,
Greenblatt,Zanzibar,zanzibar.greenblatt8996@aol.com,WA,03/15/1975,,
Greenblatt,Evander,evander.greenblatt934@hotmail.com,WA,04/19/1975,,
Uvula,Carol,carol.uvula6411@aol.com,NY,11/03/1973,,
Vluffernutter,Xerxes,xerxes.vluffernutter137@aol.com,CT,12/21/1966,,
Oppenheimer,Zanzibar,zanzibar.oppenheimer1333@aol.com,NY,09/21/1989,,
Schtuppering,Evander,evander.schtuppering1806@aol.com,NY,08/03/1962,,
Talts,Bob,bob.talts7238@hotmail.com,CT,04/27/1988,,
Questlove,Xerxes,xerxes.questlove4783@hotmail.com,NY,08/18/1957,,
Xylowitz,Plato,plato.xylowitz3755@compuserve.net,NY,06/18/1977,,
Talts,Nellie,nellie.talts8824@hotmail.com,NY,01/17/1968,,
Ivanisevic,Leonard,leonard.ivanisevic4710@aol.com,NY,11/02/1958,,
Platapus,Ophelia,ophelia.platapus2382@compuserve.net,CA,04/23/1966,,
Talts,Vova,vova.talts9130@compuserve.net,OK,08/04/1964,,
Djokovic,Jenkins,jenkins.djokovic1022@compuserve.net,NJ,05/28/1981,,
Vluffernutter,Xerxes,xerxes.vluffernutter9338@hotmail.com,NY,04/12/1954,,
Evans,Xerxes,xerxes.evans5743@compuserve.net,NY,11/29/1996,Xerxes Vluffernutter,
Lysenko,Ida,ida.lysenko7577@hotmail.com,OK,11/04/1994,,
Questlove,Fred,fred.questlove2478@hotmail.com,NY,12/16/1960,,
Fish,Carol,carol.fish1223@hotmail.com,VA,05/02/1980,,
Talts,Leonard,leonard.talts609@hotmail.com,AK,01/24/1990,,
Mueller,Vova,vova.mueller8065@hotmail.com,NY,01/11/1965,,
Talts,Smitty,smitty.talts2997@aol.com,AK,05/19/1990,,
Uvula,Gilbert,gilbert.uvula8227@aol.com,NY,10/30/1987,,
Uvula,Ida,ida.uvula3606@aol.com,NY,02/03/1960,Gilbert Uvula,
Ivanisevic,Vova,vova.ivanisevic5017@hotmail.com,IL,09/07/1988,,
Schtuppering,Nellie,nellie.schtuppering1206@hotmail.com,NY,09/04/1968,,
Atkins,Zanzibar,zanzibar.atkins2352@compuserve.net,NY,09/03/1978,,
Jenkins,Evander,evander.jenkins4252@aol.com,NY,06/23/1959,,
Jenkins,Maurice,maurice.jenkins4851@hotmail.com,NY,12/04/1975,Evander Jenkins,
Rosencrantz,Bob,bob.rosencrantz8117@hotmail.com,CA,08/23/1985,,
Uvula,Ophelia,ophelia.uvula6717@hotmail.com,CA,08/30/1992,,
Rosencrantz,Xerxes,xerxes.rosencrantz4253@compuserve.net,CA,06/24/1962,,
Blabbermutt,Carol,carol.blabbermutt9096@aol.com,NY,10/12/1980,,
Questlove,Uruguay,uruguay.questlove249@compuserve.net,NY,09/27/1991,,
Questlove,Fred,fred.questlove5908@compuserve.net,NY,09/12/1994,Uruguay Questlove,
Zaatar,Fred,fred.zaatar3915@aol.com,NY,10/05/1966,,
Yoo,Gilbert,gilbert.yoo6119@hotmail.com,NY,11/04/1978,,
Kittering,Wolfgang,wolfgang.kittering3235@compuserve.net,IL,02/03/1970,,
Hibbert,Jenkins,jenkins.hibbert7841@compuserve.net,WA,09/14/1976,,
Evans,Xerxes,xerxes.evans4444@compuserve.net,CT,02/19/1955,,
Fish,Wolfgang,wolfgang.fish7018@compuserve.net,NY,07/29/1990,,
Talts,Klamut,klamut.talts7268@aol.com,VA,06/07/1992,,
Blabbermutt,Carol,carol.blabbermutt2618@compuserve.net,CT,02/11/1970,,
Schtuppering,Ophelia,ophelia.schtuppering1204@compuserve.net,NY,08/25/1958,,
Talts,Klamut,klamut.talts3380@aol.com,NJ,03/12/1955,,
Jenkins,Horace,horace.jenkins5469@hotmail.com,CT,06/02/1982,,
Schtuppering,Vova,vova.schtuppering774@hotmail.com,NY,08/27/1971,,
Jenkins,Ophelia,ophelia.jenkins8391@compuserve.net,NY,02/15/1987,,
Jenkins,Smitty,smitty.jenkins8754@aol.com,NY,08/16/1962,,
Zaatar,Xerxes,xerxes.zaatar5950@aol.com,NY,01/24/1954,,
Atkins,Ophelia,ophelia.atkins2628@hotmail.com,NY,01/20/1981,,
Schtuppering,Maurice,maurice.schtuppering2191@aol.com,CA,05/18/1961,,
Neuberg,Jenkins,jenkins.neuberg3171@compuserve.net,NY,04/02/1963,,
Oppenheimer,Rascal,rascal.oppenheimer5081@aol.com,WA,12/09/1968,,
Yoo,Rascal,rascal.yoo6734@aol.com,WA,04/30/1990,Rascal Oppenheimer,
Uvula,Plato,plato.uvula217@hotmail.com,CA,08/19/1961,,
Zaatar,Ophelia,ophelia.zaatar3453@aol.com,NJ,09/27/1974,,
Hibbert,Jenkins,jenkins.hibbert1293@compuserve.net,NY,01/21/1956,,
Kittering,Fred,fred.kittering9099@aol.com,NJ,11/19/1973,,
Fish,Wolfgang,wolfgang.fish6632@hotmail.com,NY,01/14/1973,,
Yoo,Carol,carol.yoo8871@hotmail.com,IL,09/06/1990,,
Neuberg,Horace,horace.neuberg2539@aol.com,VA,01/31/1983,,
Talts,Vova,vova.talts4616@aol.com,CA,03/27/1979,,
Mueller,Yelena,yelena.mueller9259@aol.com,NJ,11/25/1974,,
Oppenheimer,Queenie,queenie.oppenheimer9487@hotmail.com,NY,05/12/1974,,
Fish,Ida,ida.fish3426@compuserve.net,NJ,05/22/1958,,
Platapus,Vova,vova.platapus6619@compuserve.net,NY,06/02/1965,,
Schtuppering,Alice,alice.schtuppering8107@aol.com,AK,10/01/1978,,
Neuberg,Ophelia,ophelia.neuberg2832@compuserve.net,NY,02/25/1956,,
Djokovic,Alice,alice.djokovic7827@hotmail.com,NY,08/16/1973,,
Lysenko,Alice,alice.lysenko3353@aol.com,NY,03/21/1958,,
Oppenheimer,Jenkins,jenkins.oppenheimer707@hotmail.com,NY,01/10/1990,,
Lysenko,Evander,evander.lysenko8554@hotmail.com,NY,01/21/1954,Jenkins Oppenheimer,
Fish,Xerxes,xerxes.fish7205@compuserve.net,AK,12/12/1967,,
Hibbert,Zanzibar,zanzibar.hibbert6393@aol.com,CA,09/27/1977,,
Fish,Smitty,smitty.fish5574@compuserve.net,NY,02/06/1962,,
Blabbermutt,Horace,horace.blabbermutt4231@hotmail.com,CA,11/24/1969,,
Blabbermutt,Carol,carol.blabbermutt8677@aol.com,CA,07/27/1958,,
Ivanisevic,Tessa,tessa.ivanisevic9692@hotmail.com,NY,11/28/1983,,
Evans,Leonard,leonard.evans2233@compuserve.net,CT,09/21/1983,,
Talts,Maurice,maurice.talts7467@aol.com,CA,10/23/1975,,
Mueller,Plato,plato.mueller5793@aol.com,NJ,12/21/1983,,
Jenkins,Ida,ida.jenkins3803@aol.com,AK,07/01/1971,,
Platapus,Smitty,smitty.platapus1021@aol.com,OK,10/23/1971,,
Greenblatt,Zanzibar,zanzibar.greenblatt4341@hotmail.com,AK,06/09/1988,,
Schtuppering,Rascal,rascal.schtuppering7881@hotmail.com,IL,04/25/1971,,
Schtuppering,Uruguay,uruguay.schtuppering775@hotmail.com,IL,09/09/1995,Rascal Schtuppering,
Greenblatt,Horace,horace.greenblatt2884@compuserve.net,OK,07/25/1959,,
Atkins,Bob,bob.atkins3522@aol.com,WA,01/14/1983,,
Talts,Rascal,rascal.talts7754@aol.com,NY,07/30/1969,,
Xylowitz,Queenie,queenie.xylowitz5759@aol.com,NY,02/16/1987,,
Ivanisevic,Klamut,klamut.ivanisevic9630@hotmail.com,NY,09/24/1954,,
Questlove,Maurice,maurice.questlove8315@compuserve.net,CT,11/21/1978,,
Evans,Xerxes,xerxes.evans8578@hotmail.com,NY,10/15/1975,,
Neuberg,Ophelia,ophelia.neuberg2022@hotmail.com,NY,11/03/1993,,
Questlove,Jenkins,jenkins.questlove4631@hotmail.com,CA,04/26/1971,,
Schtuppering,Zanzibar,zanzibar.schtuppering702@compuserve.net,AK,04/08/1975,,
Jenkins,Queenie,queenie.jenkins4907@hotmail.com,NY,05/12/1957,,
Jenkins,Leonard,leonard.jenkins2944@hotmail.com,NY,09/13/2004,Queenie Jenkins,
Talts,Ida,ida.talts6299@hotmail.com,NY,08/20/1980,,
Oppenheimer,Evander,evander.oppenheimer1638@aol.com,NJ,10/20/1973,,
Uvula,Dirk,dirk.uvula3163@compuserve.net,CT,06/09/1977,,
Greenblatt,Uruguay,uruguay.greenblatt3904@hotmail.com,NY,07/13/1967,,
Jenkins,Evander,evander.jenkins7062@compuserve.net,IL,01/19/1963,,
Hibbert,Gilbert,gilbert.hibbert7760@aol.com,NY,04/15/1974,,
Wachowski,Zanzibar,zanzibar.wachowski8660@hotmail.com,NY,03/31/1979,,
Zaatar,Wolfgang,wolfgang.zaatar8705@aol.com,NY,08/27/1956,,
Schtuppering,Klamut,klamut.schtuppering2399@aol.com,NY,08/10/1994,,
Lysenko,Alice,alice.lysenko5393@hotmail.com,NY,04/22/1988,,
Yoo,Nellie,nellie.yoo1783@aol.com,NY,03/07/1986,,
Lysenko,Klamut,klamut.lysenko1100@compuserve.net,CA,08/10/1960,,
Hibbert,Fred,fred.hibbert3974@aol.com,NY,07/26/1987,,
Wachowski,Evander,evander.wachowski7656@compuserve.net,NY,10/27/1968,,
Blabbermutt,Zanzibar,zanzibar.blabbermutt9370@compuserve.net,CT,08/04/1970,,
Rosencrantz,Maurice,maurice.rosencrantz4469@compuserve.net,CA,11/16/1988,,
Jenkins,Plato,plato.jenkins8476@compuserve.net,NY,05/30/1978,,
Kittering,Rascal,rascal.kittering5781@hotmail.com,NY,05/19/1985,Plato Jenkins,
Questlove,Carol,carol.questlove4508@aol.com,NY,03/11/1986,,
Uvula,Carol,carol.uvula6902@hotmail.com,NY,10/24/1976,,
Evans,Vova,vova.evans3280@aol.com,NY,02/02/1977,,
Djokovic,Zanzibar,zanzibar.djokovic1605@hotmail.com,CT,11/02/1976,,
Schtuppering,Zanzibar,zanzibar.schtuppering6614@compuserve.net,CT,11/28/1977,,
Platapus,Gilbert,gilbert.platapus5170@aol.com,IL,12/17/1990,,
Fish,Dirk,dirk.fish4743@aol.com,CA,10/10/1985,,
Evans,Nellie,nellie.evans998@compuserve.net,NY,10/26/1970,,
Schtuppering,Zanzibar,zanzibar.schtuppering3680@hotmail.com,NY,01/11/1992,,
Greenblatt,Klamut,klamut.greenblatt9140@aol.com,CT,03/20/1992,,
Neuberg,Ophelia,ophelia.neuberg1741@aol.com,CT,08/03/1961,,
Questlove,Ida,ida.questlove8146@compuserve.net,CT,01/19/1970,Ophelia Neuberg,
Uvula,Yelena,yelena.uvula907@hotmail.com,CT,09/22/1985,,
Yoo,Ophelia,ophelia.yoo7990@aol.com,VA,10/20/1982,,
Xylowitz,Gilbert,gilbert.xylowitz1754@compuserve.net,NY,10/19/1970,,
Greenblatt,Nellie,nellie.greenblatt4277@compuserve.net,NY,01/02/1955,,
Mueller,Smitty,smitty.mueller6841@compuserve.net,NJ,10/12/1962,,
Jenkins,Evander,evander.jenkins9273@compuserve.net,NY,01/07/1988,,
Atkins,Evander,evander.atkins3384@aol.com,NJ,10/04/1957,,
Hibbert,Yelena,yelena.hibbert5979@compuserve.net,IL,04/21/1955,,
Mueller,Dirk,dirk.mueller1230@hotmail.com,CA,09/10/1955,,
Rosencrantz,Yelena,yelena.rosencrantz8986@hotmail.com,CT,11/02/1990,,
Xylowitz,Evander,evander.xylowitz4886@hotmail.com,NJ,09/22/1979,,
Rosencrantz,Yelena,yelena.rosencrantz802@aol.com,NY,08/01/1980,,
Blabbermutt,Wolfgang,wolfgang.blabbermutt5911@hotmail.com,NY,06/23/1990,,
Atkins,Xerxes,xerxes.atkins518@compuserve.net,NY,10/09/1959,,
Jenkins,Xerxes,xerxes.jenkins6994@aol.com,NY,08/21/1977,Xerxes Atkins,
Zaatar,Plato,plato.zaatar7635@aol.com,CA,01/18/1985,,
Vluffernutter,Klamut,klamut.vluffernutter2059@compuserve.net,NY,01/01/1976,,
Platapus,Leonard,leonard.platapus503@hotmail.com,NY,11/15/1974,,
Vluffernutter,Smitty,smitty.vluffernutter4317@compuserve.net,NY,08/13/1979,,
Vluffernutter,Tessa,tessa.vluffernutter1074@aol.com,NY,07/13/1960,,
Kittering,Smitty,smitty.kittering3337@hotmail.com,NY,05/04/1957,,
Hibbert,Uruguay,uruguay.hibbert6724@aol.com,NY,06/17/1991,,
Evans,Leonard,leonard.evans9357@aol.com,NY,02/19/1966,,
Greenblatt,Maurice,maurice.greenblatt5540@hotmail.com,NY,12/02/1973,Leonard Evans,
Lysenko,Ida,ida.lysenko8590@compuserve.net,AK,10/13/1971,,
Fish,Smitty,smitty.fish7374@compuserve.net,NY,07/10/1988,,
Vluffernutter,Maurice,maurice.vluffernutter8798@aol.com,NY,09/05/1976,,
Djokovic,Zanzibar,zanzibar.djokovic6028@hotmail.com,OK,06/25/1957,,
Djokovic,Dirk,dirk.djokovic977@hotmail.com,OK,03/27/1996,Zanzibar Djokovic,
Wachowski,Yelena,yelena.wachowski932@compuserve.net,CA,03/11/1984,,
Atkins,Xerxes,xerxes.atkins3279@aol.com,NY,07/17/1987,,
Ivanisevic,Nellie,nellie.ivanisevic1047@hotmail.com,OK,05/18/1968,,
Mueller,Nellie,nellie.mueller4829@aol.com,NY,10/31/1967,,
Codd,Plato,plato.codd8672@compuserve.net,NY,03/27/1964,,
Platapus,Ophelia,ophelia.platapus417@aol.com,NY,09/15/1987,,
Blabbermutt,Vova,vova.blabbermutt8330@hotmail.com,CT,03/14/1970,,
Mueller,Gilbert,gilbert.mueller2899@hotmail.com,OK,04/22/1972,,
Mueller,Maurice,maurice.mueller3815@compuserve.net,OK,10/28/1976,Gilbert Mueller,
Yoo,Wolfgang,wolfgang.yoo7337@aol.com,NY,03/03/1954,,
Mueller,Klamut,klamut.mueller4290@aol.com,NY,11/23/1986,,
Evans,Bob,bob.evans3118@hotmail.com,OK,02/02/1988,,
Blabbermutt,Carol,carol.blabbermutt3510@aol.com,IL,11/13/1984,,
Questlove,Gilbert,gilbert.questlove9855@hotmail.com,NY,09/02/1959,,
Atkins,Fred,fred.atkins6615@compuserve.net,NY,01/02/1989,,
Schtuppering,Plato,plato.schtuppering5981@aol.com,NY,12/26/1962,,
Evans,Rascal,rascal.evans8783@aol.com,NY,06/24/1972,,
Schtuppering,Zanzibar,zanzibar.schtuppering6619@hotmail.com,CT,11/14/1964,,
Kittering,Fred,fred.kittering914@aol.com,CT,01/04/1963,,
Vluffernutter,Fred,fred.vluffernutter5380@compuserve.net,NY,11/23/1968,,
Uvula,Smitty,smitty.uvula9876@aol.com,NY,11/24/1993,,
Schtuppering,Yelena,yelena.schtuppering3143@compuserve.net,NY,03/09/1974,,
Wachowski,Rascal,rascal.wachowski5303@hotmail.com,CA,03/25/1961,,
Platapus,Maurice,maurice.platapus243@aol.com,NY,11/12/1960,,
Platapus,Klamut,klamut.platapus5164@compuserve.net,NY,07/08/1971,Maurice Platapus,
Uvula,Plato,plato.uvula1446@aol.com,VA,09/18/1957,,
Rosencrantz,Nellie,nellie.rosencrantz9867@compuserve.net,CT,07/02/1970,,
Evans,Ida,ida.evans8621@aol.com,CA,08/31/1977,,
Schtuppering,Fred,fred.schtuppering7336@aol.com,CA,04/13/1955,,
Ivanisevic,Tessa,tessa.ivanisevic7432@aol.com,OK,09/07/1962,,
Hibbert,Xerxes,xerxes.hibbert2353@aol.com,OK,03/04/1962,,
Wachowski,Tessa,tessa.wachowski3845@compuserve.net,NY,12/10/1955,,
Rosencrantz,Alice,alice.rosencrantz9796@compuserve.net,NY,04/12/1989,,
Talts,Jenkins,jenkins.talts5988@hotmail.com,IL,03/20/1974,,
Questlove,Zanzibar,zanzibar.questlove5587@compuserve.net,NY,09/01/1966,,
Evans,Bob,bob.evans8956@compuserve.net,NY,02/14/1977,,
Hibbert,Rascal,rascal.hibbert3121@aol.com,NY,07/15/1978,,
Yoo,Queenie,queenie.yoo4133@compuserve.net,NY,05/25/1960,,
Yoo,Dirk,dirk.yoo4451@hotmail.com,NY,06/29/1995,Queenie Yoo,
Lysenko,Nellie,nellie.lysenko5733@compuserve.net,CA,08/21/1989,,
Neuberg,Maurice,maurice.neuberg7645@hotmail.com,NY,03/27/1975,,
Oppenheimer,Zanzibar,zanzibar.oppenheimer9273@compuserve.net,NJ,11/19/1963,,
Yoo,Uruguay,uruguay.yoo7070@hotmail.com,NY,07/04/1966,,
Ivanisevic,Dirk,dirk.ivanisevic3592@aol.com,WA,09/05/1970,,
Djokovic,Leonard,leonard.djokovic384@compuserve.net,NY,02/17/1985,,
Ivanisevic,Uruguay,uruguay.ivanisevic8359@hotmail.com,OK,01/20/1962,,
Djokovic,Yelena,yelena.djokovic936@hotmail.com,IL,01/15/1966,,
Fish,Xerxes,xerxes.fish1649@compuserve.net,NY,12/05/1964,,
Ivanisevic,Ida,ida.ivanisevic1992@hotmail.com,NY,11/09/1975,,
Mueller,Smitty,smitty.mueller2944@compuserve.net,IL,05/18/1983,,
Oppenheimer,Smitty,smitty.oppenheimer6304@aol.com,NY,04/28/1962,,
Oppenheimer,Vova,vova.oppenheimer5299@aol.com,NY,07/15/1954,Smitty Oppenheimer,
Schtuppering,Horace,horace.schtuppering7058@aol.com,WA,11/14/1974,,
Greenblatt,Yelena,yelena.greenblatt7613@hotmail.com,NY,12/01/1978,,
Xylowitz,Rascal,rascal.xylowitz6615@hotmail.com,NY,09/12/1992,,
Vluffernutter,Xerxes,xerxes.vluffernutter977@compuserve.net,NJ,11/13/1974,,
Codd,Ida,ida.codd389@hotmail.com,NY,03/21/1989,,
Xylowitz,Tessa,tessa.xylowitz7882@aol.com,NY,10/20/1958,,
Greenblatt,Carol,carol.greenblatt6525@aol.com,CT,11/02/1968,,
Kittering,Smitty,smitty.kittering3100@aol.com,CA,11/17/1983,,
Schtuppering,Plato,plato.schtuppering979@hotmail.com,OK,03/30/1961,,
Evans,Bob,bob.evans1931@compuserve.net,CA,07/03/1975,,
Zaatar,Bob,bob.zaatar2897@hotmail.com,NY,06/22/1978,,
Oppenheimer,Smitty,smitty.oppenheimer5571@compuserve.net,NY,05/13/1985,,
Greenblatt,Uruguay,uruguay.greenblatt8867@compuserve.net,CA,05/31/1964,,
Xylowitz,Klamut,klamut.xylowitz7342@hotmail.com,AK,11/04/1973,,
Xylowitz,Plato,plato.xylowitz7357@hotmail.com,AK,07/13/1994,Klamut Xylowitz,
Zaatar,Ida,ida.zaatar4225@compuserve.net,CT,06/02/1963,,
Platapus,Uruguay,uruguay.platapus553@compuserve.net,NY,05/19/1966,,
Questlove,Rascal,rascal.questlove2994@hotmail.com,NY,11/23/1983,,
Blabbermutt,Rascal,rascal.blabbermutt4497@aol.com,NY,09/06/1975,,
Fish,Vova,vova.fish2529@hotmail.com,NJ,06/07/1980,,
Lysenko,Plato,plato.lysenko9311@compuserve.net,CT,08/14/1989,,
Blabbermutt,Dirk,dirk.blabbermutt3865@compuserve.net,NY,07/04/1973,,
Schtuppering,Xerxes,xerxes.schtuppering5740@aol.com,CT,10/07/1962,,
Jenkins,Nellie,nellie.jenkins8360@compuserve.net,NY,09/13/1993,,
Yoo,Dirk,dirk.yoo3805@aol.com,AK,04/01/1978,,
Fish,Queenie,queenie.fish3907@aol.com,CA,12/25/1956,,
Xylowitz,Alice,alice.xylowitz8676@compuserve.net,NY,06/02/1976,,
Djokovic,Alice,alice.djokovic6653@hotmail.com,NY,06/19/1961,,
Codd,Rascal,rascal.codd6104@aol.com,NJ,11/25/1962,,
Talts,Carol,carol.talts8301@hotmail.com,CA,09/04/1955,,
Talts,Klamut,klamut.talts881@compuserve.net,CA,04/02/1959,Carol Talts,
Xylowitz,Maurice,maurice.xylowitz9232@compuserve.net,NJ,02/10/1961,,
Ivanisevic,Queenie,queenie.ivanisevic8298@hotmail.com,NJ,12/28/1990,,
Talts,Smitty,smitty.talts7124@compuserve.net,NY,08/18/1974,,
Mueller,Klamut,klamut.mueller6026@aol.com,CA,11/22/1970,,
Uvula,Zanzibar,zanzibar.uvula5811@hotmail.com,CA,10/23/1981,,
Blabbermutt,Maurice,maurice.blabbermutt9070@compuserve.net,CA,11/12/1975,Zanzibar Uvula,
Vluffernutter,Uruguay,uruguay.vluffernutter5051@aol.com,NY,11/22/1977,,
Hibbert,Zanzibar,zanzibar.hibbert3480@hotmail.com,NY,04/02/1981,,
Codd,Horace,horace.codd9552@compuserve.net,NY,06/19/1968,,
Neuberg,Bob,bob.neuberg8322@hotmail.com,NY,04/11/1977,,
Atkins,Vova,vova.atkins2133@compuserve.net,CT,03/08/1972,,
Lysenko,Ophelia,ophelia.lysenko6619@aol.com,OK,03/07/1967,,
Xylowitz,Vova,vova.xylowitz9519@hotmail.com,CT,10/01/1972,,
Fish,Evander,evander.fish4140@aol.com,NY,12/13/1970,,
Yoo,Ophelia,ophelia.yoo9814@hotmail.com,NY,01/09/1985,,
Platapus,Alice,alice.platapus2393@hotmail.com,CT,07/16/1964,,
Atkins,Zanzibar,zanzibar.atkins1932@aol.com,NY,05/17/1958,,
Lysenko,Ophelia,ophelia.lysenko5822@hotmail.com,NY,11/24/1981,,
Wachowski,Klamut,klamut.wachowski3691@aol.com,CA,03/25/1984,,
Djokovic,Smitty,smitty.djokovic6352@compuserve.net,NJ,05/23/1972,,
Schtuppering,Carol,carol.schtuppering3652@aol.com,NJ,06/07/1994,,
Codd,Evander,evander.codd1835@aol.com,NJ,11/16/1964,,
Schtuppering,Alice,alice.schtuppering7745@aol.com,OK,10/30/1966,,
Wachowski,Horace,horace.wachowski8419@hotmail.com,NY,03/04/1988,,
Codd,Maurice,maurice.codd1400@aol.com,NY,03/18/1954,,
Codd,Bob,bob.codd7985@hotmail.com,NY,05/24/2011,Maurice Codd,
Questlove,Dirk,dirk.questlove5677@aol.com,AK,07/06/1954,,
Talts,Zanzibar,zanzibar.talts3967@aol.com,NY,11/02/1970,,
Questlove,Queenie,queenie.questlove3868@hotmail.com,AK,02/22/1969,,
Kittering,Horace,horace.kittering2965@compuserve.net,NJ,02/22/1974,,
Vluffernutter,Nellie,nellie.vluffernutter2137@aol.com,AK,08/12/1969,,
Platapus,Wolfgang,wolfgang.platapus6720@hotmail.com,CA,03/09/1962,,
Platapus,Rascal,rascal.platapus3195@aol.com,CA,11/18/1992,,
Uvula,Xerxes,xerxes.uvula5581@aol.com,NY,06/11/1957,,
Rosencrantz,Smitty,smitty.rosencrantz9755@hotmail.com,NY,01/08/1974,,
Oppenheimer,Smitty,smitty.oppenheimer7908@hotmail.com,VA,12/25/1974,,
Djokovic,Nellie,nellie.djokovic1605@compuserve.net,NJ,06/21/1969,,
Djokovic,Evander,evander.djokovic7860@compuserve.net,NJ,08/27/1963,Nellie Djokovic,
Jenkins,Plato,plato.jenkins2262@aol.com,AK,08/17/1962,,
Hibbert,Smitty,smitty.hibbert2703@hotmail.com,CA,10/18/1958,,
Zaatar,Uruguay,uruguay.zaatar1844@compuserve.net,CA,03/03/1982,,
Djokovic,Yelena,yelena.djokovic979@aol.com,NY,11/14/1986,,
Jenkins,Smitty,smitty.jenkins7116@aol.com,NJ,07/24/1986,,
Hibbert,Rascal,rascal.hibbert4032@compuserve.net,NJ,07/08/1995,Smitty Jenkins,
Hibbert,Zanzibar,zanzibar.hibbert4826@aol.com,NY,03/15/1992,,
Wachowski,Carol,carol.wachowski4471@aol.com,NY,03/14/1957,,
Uvula,Ida,ida.uvula1331@aol.com,WA,09/30/1989,,
Ivanisevic,Evander,evander.ivanisevic3885@aol.com,IL,12/04/1963,,
Yoo,Fred,fred.yoo1849@compuserve.net,CA,08/18/1978,,
Neuberg,Rascal,rascal.neuberg2629@compuserve.net,NY,12/12/1979,,
Evans,Rascal,rascal.evans818@hotmail.com,CT,06/14/1954,,
Zaatar,Smitty,smitty.zaatar5277@compuserve.net,NY,06/29/1956,,
Greenblatt,Ophelia,ophelia.greenblatt9872@compuserve.net,VA,10/09/1961,,
Questlove,Jenkins,jenkins.questlove9841@aol.com,IL,06/22/1991,,
Rosencrantz,Carol,carol.rosencrantz4455@aol.com,NJ,05/24/1964,,
Xylowitz,Alice,alice.xylowitz1098@aol.com,CT,12/28/1959,,
Platapus,Horace,horace.platapus5751@aol.com,NY,12/03/1992,,
Rosencrantz,Ida,ida.rosencrantz1130@hotmail.com,NY,01/12/1954,Horace Platapus,
Wachowski,Rascal,rascal.wachowski7618@compuserve.net,NY,01/08/1983,,
Hibbert,Plato,plato.hibbert7697@compuserve.net,NY,09/05/1961,,
Questlove,Vova,vova.questlove4561@hotmail.com,IL,10/25/1972,,
Oppenheimer,Nellie,nellie.oppenheimer576@compuserve.net,IL,09/30/1994,Vova Questlove,
Schtuppering,Wolfgang,wolfgang.schtuppering2175@aol.com,NY,12/07/1962,,
Atkins,Smitty,smitty.atkins3858@aol.com,NY,12/06/1980,,
Talts,Leonard,leonard.talts2763@hotmail.com,NY,05/08/1965,,
Zaatar,Carol,carol.zaatar6164@compuserve.net,NJ,04/14/1977,,
Zaatar,Bob,bob.zaatar9272@aol.com,NJ,12/20/1998,Carol Zaatar,
Wachowski,Nellie,nellie.wachowski2408@aol.com,NY,06/25/1963,,
Kittering,Leonard,leonard.kittering7405@hotmail.com,NY,04/08/1992,,
Oppenheimer,Wolfgang,wolfgang.oppenheimer1844@hotmail.com,NY,11/12/1969,,
Hibbert,Klamut,klamut.hibbert8554@hotmail.com,NY,03/11/1964,,
Hibbert,Smitty,smitty.hibbert4656@hotmail.com,NY,08/30/1983,Klamut Hibbert,
Zaatar,Jenkins,jenkins.zaatar8599@compuserve.net,NY,01/13/1960,,
Wachowski,Alice,alice.wachowski6337@hotmail.com,WA,03/12/1967,,
Kittering,Rascal,rascal.kittering5683@hotmail.com,CA,02/22/1965,,
Blabbermutt,Klamut,klamut.blabbermutt3693@hotmail.com,NY,01/23/1963,,
Neuberg,Tessa,tessa.neuberg8327@compuserve.net,NY,12/16/1974,,
Wachowski,Zanzibar,zanzibar.wachowski7949@compuserve.net,VA,12/20/1980,,
Hibbert,Uruguay,uruguay.hibbert6515@compuserve.net,NY,05/18/1977,,
Evans,Nellie,nellie.evans197@aol.com,CT,08/30/1993,,
Neuberg,Bob,bob.neuberg2740@aol.com,AK,10/17/1988,,
Fish,Xerxes,xerxes.fish6968@aol.com,NY,12/20/1972,,
Zaatar,Maurice,maurice.zaatar1513@compuserve.net,NY,11/07/1990,,
Uvula,Horace,horace.uvula7729@hotmail.com,CA,05/04/1954,,
Mueller,Leonard,leonard.mueller5334@compuserve.net,NY,01/14/1974,,
Kittering,Wolfgang,wolfgang.kittering2228@aol.com,CT,10/08/1985,,
Atkins,Rascal,rascal.atkins8326@hotmail.com,NJ,01/31/1980,,
Evans,Plato,plato.evans3273@compuserve.net,NY,11/11/1976,,
Evans,Yelena,yelena.evans611@hotmail.com,NY,07/08/2012,Plato Evans,
Platapus,Nellie,nellie.platapus6629@compuserve.net,OK,03/25/1993,,
Vluffernutter,Queenie,queenie.vluffernutter3562@hotmail.com,NY,03/22/1974,,
Ivanisevic,Klamut,klamut.ivanisevic4240@aol.com,CA,05/30/1955,,
Fish,Zanzibar,zanzibar.fish6294@aol.com,NY,05/30/1994,,
Fish,Bob,bob.fish1479@compuserve.net,NJ,04/19/1973,,
Lysenko,Fred,fred.lysenko6477@hotmail.com,NY,08/28/1974,,
Platapus,Nellie,nellie.platapus7815@hotmail.com,CA,02/18/1956,,
Djokovic,Jenkins,jenkins.djokovic4581@hotmail.com,NY,09/28/1982,,
Fish,Gilbert,gilbert.fish3871@aol.com,CA,09/01/1983,,
Zaatar,Gilbert,gilbert.zaatar7956@compuserve.net,CA,01/04/1990,,
Evans,Rascal,rascal.evans4168@aol.com,NJ,03/28/1960,,
Wachowski,Rascal,rascal.wachowski1855@hotmail.com,NY,07/02/1968,,
Mueller,Uruguay,uruguay.mueller1146@hotmail.com,IL,04/26/1971,,
Mueller,Horace,horace.mueller1246@compuserve.net,IL,11/29/1956,Uruguay Mueller,
Jenkins,Plato,plato.jenkins8992@hotmail.com,CA,05/21/1958,,
Platapus,Maurice,maurice.platapus8084@hotmail.com,WA,11/08/1958,,
Oppenheimer,Bob,bob.oppenheimer1207@aol.com,NY,12/29/1966,,
Evans,Alice,alice.evans6475@hotmail.com,CT,08/30/1988,,
Uvula,Alice,alice.uvula1531@compuserve.net,IL,09/20/1956,,
Evans,Wolfgang,wolfgang.evans9485@hotmail.com,IL,05/28/1980,,
Jenkins,Rascal,rascal.jenkins7695@compuserve.net,CA,01/23/1957,,
Questlove,Maurice,maurice.questlove7773@aol.com,CT,10/23/1970,,
Fish,Yelena,yelena.fish9588@aol.com,NY,04/26/1988,,
Schtuppering,Rascal,rascal.schtuppering8829@compuserve.net,IL,11/04/1991,,
Platapus,Ida,ida.platapus2019@hotmail.com,CA,04/30/1960,,
Vluffernutter,Carol,carol.vluffernutter7794@aol.com,NY,04/04/1969,,
Talts,Rascal,rascal.talts7237@hotmail.com,CA,07/28/1981,,
Lysenko,Gilbert,gilbert.lysenko2621@aol.com,OK,03/19/1991,,
Wachowski,Dirk,dirk.wachowski7744@aol.com,NJ,06/01/1958,,
Wachowski,Queenie,queenie.wachowski3541@compuserve.net,NJ,12/15/2004,Dirk Wachowski,
Greenblatt,Nellie,nellie.greenblatt3003@compuserve.net,CT,06/26/1992,,
Wachowski,Tessa,tessa.wachowski9592@hotmail.com,NY,10/08/1991,,
Oppenheimer,Ophelia,ophelia.oppenheimer2961@aol.com,NY,10/27/1978,,
Uvula,Horace,horace.uvula5799@compuserve.net,NY,04/22/1982,,
Platapus,Dirk,dirk.platapus6991@aol.com,CA,10/26/1989,,
Zaatar,Ophelia,ophelia.zaatar2528@compuserve.net,NY,06/27/1955,,
Neuberg,Tessa,tessa.neuberg8586@hotmail.com,NY,02/17/1961,,
Lysenko,Xerxes,xerxes.lysenko3104@compuserve.net,AK,04/06/1993,,
Talts,Nellie,nellie.talts3338@hotmail.com,OK,01/04/1994,,
Codd,Plato,plato.codd8822@compuserve.net,CT,06/26/1966,,
Platapus,Plato,plato.platapus9513@hotmail.com,NJ,08/10/1974,,
Schtuppering,Queenie,queenie.schtuppering1864@compuserve.net,NY,04/29/1969,,
Platapus,Evander,evander.platapus4338@compuserve.net,NY,09/05/1969,,
Zaatar,Ophelia,ophelia.zaatar9162@hotmail.com,WA,10/26/1973,,
Codd,Leonard,leonard.codd2159@compuserve.net,WA,05/30/2008,Ophelia Zaatar,
Xylowitz,Alice,alice.xylowitz7496@compuserve.net,IL,07/25/1958,,
Rosencrantz,Smitty,smitty.rosencrantz1051@compuserve.net,NY,02/16/1969,,
Zaatar,Tessa,tessa.zaatar6206@compuserve.net,AK,05/20/1967,,
Zaatar,Leonard,leonard.zaatar288@aol.com,NY,05/26/1994,,
Djokovic,Leonard,leonard.djokovic5939@hotmail.com,CA,08/02/1964,,
Vluffernutter,Yelena,yelena.vluffernutter989@hotmail.com,NY,05/20/1986,,
Uvula,Horace,horace.uvula4020@hotmail.com,NY,01/22/1981,,
Oppenheimer,Fred,fred.oppenheimer1335@compuserve.net,NY,04/19/1987,,
Xylowitz,Fred,fred.xylowitz2799@hotmail.com,NY,11/18/1988,,
Lysenko,Nellie,nellie.lysenko3971@aol.com,NJ,03/03/1959,,
Lysenko,Wolfgang,wolfgang.lysenko7831@compuserve.net,NJ,10/17/1997,Nellie Lysenko,
Hibbert,Evander,evander.hibbert2808@hotmail.com,NY,02/02/1968,,
Xylowitz,Fred,fred.xylowitz427@compuserve.net,NY,05/04/1968,,
Atkins,Gilbert,gilbert.atkins8651@compuserve.net,NY,01/18/1969,,
Atkins,Yelena,yelena.atkins1489@aol.com,NY,06/28/1974,,
Talts,Tessa,tessa.talts3634@hotmail.com,CT,06/16/1982,,
Mueller,Plato,plato.mueller2180@aol.com,NY,07/06/1962,,
Djokovic,Klamut,klamut.djokovic4555@aol.com,CA,04/30/1981,,
Platapus,Jenkins,jenkins.platapus6507@hotmail.com,CT,03/19/1975,,
Codd,Uruguay,uruguay.codd6813@hotmail.com,NJ,09/13/1982,,
Lysenko,Xerxes,xerxes.lysenko8114@hotmail.com,VA,06/22/1974,,
Rosencrantz,Smitty,smitty.rosencrantz5757@compuserve.net,NJ,08/27/1968,,
Ivanisevic,Evander,evander.ivanisevic8778@compuserve.net,CA,08/13/1959,,
Yoo,Vova,vova.yoo4138@aol.com,CT,03/03/1955,,
Oppenheimer,Klamut,klamut.oppenheimer5088@compuserve.net,NY,12/13/1973,,
Fish,Zanzibar,zanzibar.fish7843@aol.com,CA,08/11/1982,,
Rosencrantz,Ophelia,ophelia.rosencrantz4544@hotmail.com,VA,11/02/1970,,
Greenblatt,Xerxes,xerxes.greenblatt3148@aol.com,NY,01/23/1958,,
Uvula,Plato,plato.uvula430@aol.com,NY,09/28/1993,,
Yoo,Fred,fred.yoo4532@aol.com,NY,05/16/1961,,
Atkins,Dirk,dirk.atkins1421@hotmail.com,AK,11/02/1986,,
Atkins,Gilbert,gilbert.atkins6181@aol.com,NY,02/06/1976,,
Lysenko,Evander,evander.lysenko2692@aol.com,NY,06/11/1986,,
Uvula,Zanzibar,zanzibar.uvula8881@aol.com,NY,08/29/1991,,
Fish,Smitty,smitty.fish8094@compuserve.net,NY,09/08/1961,,
Oppenheimer,Ida,ida.oppenheimer4179@compuserve.net,CA,05/05/1986,,
Kittering,Wolfgang,wolfgang.kittering6356@hotmail.com,NY,10/02/1991,,
Jenkins,Queenie,queenie.jenkins6274@hotmail.com,CA,10/12/1976,,
Blabbermutt,Carol,carol.blabbermutt7603@compuserve.net,NJ,03/18/1969,,
Oppenheimer,Ida,ida.oppenheimer9971@hotmail.com,NY,05/30/1971,,
Ivanisevic,Zanzibar,zanzibar.ivanisevic3521@hotmail.com,WA,12/21/1956,,
Questlove,Ophelia,ophelia.questlove5670@aol.com,NJ,09/13/1966,,
Yoo,Uruguay,uruguay.yoo9827@aol.com,IL,05/20/1972,,
Xylowitz,Smitty,smitty.xylowitz2251@compuserve.net,NJ,03/02/1991,,
Kittering,Dirk,dirk.kittering8084@compuserve.net,NY,03/13/1984,,
Questlove,Fred,fred.questlove5184@compuserve.net,CT,08/13/1978,,
Uvula,Tessa,tessa.uvula9562@aol.com,WA,04/24/1989,,
Mueller,Zanzibar,zanzibar.mueller3526@aol.com,NY,07/03/1974,,
Wachowski,Vova,vova.wachowski8136@aol.com,WA,10/03/1977,,
Codd,Uruguay,uruguay.codd7501@aol.com,NY,10/13/1981,,
Rosencrantz,Nellie,nellie.rosencrantz2897@aol.com,CA,12/23/1983,,
Fish,Maurice,maurice.fish2244@compuserve.net,NY,12/17/1969,,
Mueller,Rascal,rascal.mueller5032@aol.com,AK,12/16/1969,,
Xylowitz,Horace,horace.xylowitz161@compuserve.net,NY,08/07/1966,,
Atkins,Smitty,smitty.atkins5646@compuserve.net,NY,12/25/1962,,
Blabbermutt,Alice,alice.blabbermutt8907@hotmail.com,AK,11/28/1961,,
Rosencrantz,Queenie,queenie.rosencrantz6018@hotmail.com,OK,08/19/1963,,
Zaatar,Fred,fred.zaatar3697@compuserve.net,NY,08/18/1973,,
Vluffernutter,Jenkins,jenkins.vluffernutter5306@aol.com,NY,08/02/1987,,
Mueller,Rascal,rascal.mueller4955@hotmail.com,NY,11/20/1988,,
Hibbert,Uruguay,uruguay.hibbert5997@hotmail.com,NY,09/20/1974,,
Jenkins,Carol,carol.jenkins8594@hotmail.com,NY,10/13/1994,,
Uvula,Bob,bob.uvula9086@compuserve.net,NJ,08/30/1962,,
Blabbermutt,Nellie,nellie.blabbermutt1557@aol.com,NJ,06/25/1957,,
Neuberg,Bob,bob.neuberg1832@compuserve.net,OK,10/12/1993,,
Oppenheimer,Evander,evander.oppenheimer6137@hotmail.com,CA,10/20/1979,,
Ivanisevic,Vova,vova.ivanisevic1736@hotmail.com,CA,08/05/1968,,
Djokovic,Queenie,queenie.djokovic6416@aol.com,NY,03/09/1989,,
Mueller,Plato,plato.mueller3944@aol.com,NY,10/28/1987,,
Yoo,Horace,horace.yoo3705@compuserve.net,VA,02/25/1963,,
Xylowitz,Tessa,tessa.xylowitz2140@hotmail.com,NJ,07/04/1971,,
Wachowski,Vova,vova.wachowski7916@compuserve.net,NY,03/22/1963,,
Talts,Wolfgang,wolfgang.talts9210@hotmail.com,CT,05/14/1960,,
Yoo,Xerxes,xerxes.yoo7908@aol.com,NY,01/24/1972,,
Uvula,Bob,bob.uvula6206@aol.com,NJ,03/24/1977,,
Xylowitz,Fred,fred.xylowitz8026@compuserve.net,OK,12/22/1980,,
Neuberg,Plato,plato.neuberg4170@compuserve.net,CA,12/20/1979,,
Kittering,Uruguay,uruguay.kittering4958@aol.com,NY,03/02/1970,,
Jenkins,Klamut,klamut.jenkins8037@compuserve.net,NY,03/08/1958,,
Blabbermutt,Horace,horace.blabbermutt1548@compuserve.net,WA,12/28/1990,,
Vluffernutter,Tessa,tessa.vluffernutter4612@compuserve.net,WA,04/29/1973,,
Evans,Vova,vova.evans8562@compuserve.net,CT,04/24/1973,,
Djokovic,Queenie,queenie.djokovic2370@aol.com,CA,12/15/1978,,
Oppenheimer,Gilbert,gilbert.oppenheimer2908@aol.com,CA,03/19/1959,,
Neuberg,Dirk,dirk.neuberg2445@hotmail.com,CT,09/25/1991,,
Neuberg,Xerxes,xerxes.neuberg6324@hotmail.com,CA,06/23/1962,,
Vluffernutter,Bob,bob.vluffernutter9537@aol.com,IL,09/03/1974,,
Greenblatt,Fred,fred.greenblatt4794@compuserve.net,IL,11/26/1974,,
Talts,Ophelia,ophelia.talts4737@compuserve.net,NY,01/21/1978,,
Yoo,Alice,alice.yoo5929@aol.com,CA,11/19/1959,,
Questlove,Rascal,rascal.questlove1234@compuserve.net,CT,08/01/1993,,
Talts,Rascal,rascal.talts4604@hotmail.com,NY,07/17/1958,,
Wachowski,Rascal,rascal.wachowski1881@hotmail.com,NJ,09/04/1966,,
Uvula,Nellie,nellie.uvula919@hotmail.com,WA,01/08/1992,,
Zaatar,Smitty,smitty.zaatar175@hotmail.com,AK,11/01/1982,,
Talts,Zanzibar,zanzibar.talts3378@compuserve.net,CT,12/28/1959,,
Fish,Evander,evander.fish7670@compuserve.net,NY,09/25/1974,,
Djokovic,Plato,plato.djokovic2536@hotmail.com,CT,07/18/1969,,
Greenblatt,Maurice,maurice.greenblatt9092@compuserve.net,CA,10/02/1957,,
Hibbert,Nellie,nellie.hibbert9926@compuserve.net,NY,08/05/1966,,
Codd,Bob,bob.codd3226@aol.com,AK,11/10/1979,,
Yoo,Ida,ida.yoo3664@compuserve.net,CA,03/14/1969,,
Blabbermutt,Xerxes,xerxes.blabbermutt8315@hotmail.com,NY,11/29/1962,,
Hibbert,Ophelia,ophelia.hibbert8358@hotmail.com,WA,01/21/1992,,
Hibbert,Yelena,yelena.hibbert2228@aol.com,NY,12/30/1961,,
Neuberg,Dirk,dirk.neuberg8065@hotmail.com,CA,05/19/1960,,
Lysenko,Wolfgang,wolfgang.lysenko6664@aol.com,CT,08/28/1992,,
Evans,Carol,carol.evans3618@hotmail.com,NY,10/16/1973,,
